년도,학기,학과명,과목코드,과목명,분반,주야,이수구분명,교수성명,학점,수강정원,개설여부,강의실명,수강인원,수업시간,수업시간,수업시간,성적평가방식구분,영의강의여부,학년,코드쉐어링과목코드,코드쉐어링분반,코드쉐어링되어진과목,코드쉐어링수강여부,비고,개설세부,인정영역구분,인정영역구분명
2016,1,법학부,LAW10004,법학입문,1,주간,교양선택,송인호,3,70,Y,ANH 302,74,"월1,목1","월1,목1","월1,목1",일반과목,N,1,,,,N,,,W18,전공기초
2016,1,법학부,LAW20003,헌법1,1,주간,전공필수,이국운,3,80,Y,ANH 302,87,"화4,금4","화4,금4","화4,금4",일반과목,N,2,,,,N,,,,
2016,1,법학부,LAW20008,민법의 기초,1,주간,전공필수,신은주,3,80,Y,ANH 302,83,"화3,금3","화3,금3","화3,금3",일반과목,N,2,,,,N,,,,
2016,1,법학부,LAW30074,소송법1,1,주간,전공선택,송인호,3,40,Y,ANH 302,25,"월3,목3","월3,목3","월3,목3",일반과목,N,3,,,,N,,,,
2016,1,법학부,LAW40004,기독교법사상,1,주간,전공선택,지승원,3,60,Y,ANH 302,23,"수3,수4","수3,수4","수3,수4",일반과목,N,4,,,,N,,,,
2016,1,법학부,UIL30011,Public International Law,1,주간,전공필수,이희언,3,60,Y,ANH 302,70,"월6,목6","월6,목6","월6,목6",일반과목,Y,3,,,,N,,,,
2016,1,법학부,UIL40015,Korean Law & Legal System,1,주간,전공선택,조혜신,3,40,Y,ANH 302,8,"금5,금6","금5,금6","금5,금6",일반과목,Y,4,,,,N,,,,
2016,1,법학부,UIL40064,Legal Negotiation,1,주간,전공선택,원재천,3,40,Y,ANH 302,17,"화5,화6","화5,화6","화5,화6",일반과목,Y,4,,,,N,,,,
2016,1,기계제어공학부,HMM20017,Digital Logic,1,주간,전공선택,배건웅,3,50,Y,ANH 302,100,"월5,목5","월5,목5","월5,목5",일반과목,Y,3,,,,N,,,,
2016,1,기계제어공학부,HMM20031,열역학,1,주간,전공선택,이재영,3,60,Y,ANH 302,63,"월2,목2","월2,목2","월2,목2",일반과목,N,2,,,,N,,,,
2016,1,기계제어공학부,HMM30012,자동제어,2,주간,전공필수,나원상,3,60,Y,ANH 302,45,"월7,목7","월7,목7","월7,목7",일반과목,N,2,,,,,,,,
2016,1,기계제어공학부,HMM30032,열전달,1,주간,전공선택,이권영,3,60,Y,ANH 302,45,"화2,금2","화2,금2","화2,금2",일반과목,Y,3,,,,N,,,,
2016,1,Global EDISON Academy,GEA40004,창의종합설계 2,1,주간,전공필수,김기홍,3,30,Y,ANH 304,8,"화6,화7","화6,화7","화6,화7",일반과목,Y,4,,,,N,,1,,
2016,1,법학부,LAW30009,헌법소송,1,주간,전공선택,최유경,3,40,Y,ANH 304,9,"금4,금5","금4,금5","금4,금5",일반과목,N,3,,,,N,,1,,
2016,1,법학부,LAW30014,법사회학,1,주간,전공선택,이국운,3,40,Y,ANH 304,17,"화2,금2","화2,금2","화2,금2",일반과목,N,3,,,,N,,,,
2016,1,법학부,LAW30077,사회법,1,주간,전공선택,배준성,3,40,Y,ANH 304,27,"월6,월7","월6,월7","월6,월7",일반과목,N,3,,,,N,,,,
2016,1,법학부,LAW40025,자주적 분쟁해결,1,주간,전공선택,신은주,3,40,Y,ANH 304,15,"수2,수3","수2,수3","수2,수3",일반과목,N,4,,,,N,,,,
2016,1,법학부,LAW50005,법학특론,1,주간,전공선택,전재원,3,20,Y,ANH 304,13,"월4,월5","월4,월5","월4,월5",일반과목,N,4,,,,N,,,,
2016,1,법학부,UIL20013,Legal Research and Writing,1,주간,전공선택,John T.Shin,3,15,Y,ANH 304,13,"월3,목3","월3,목3","월3,목3",일반과목,Y,2,,,,N,,,,
2016,1,법학부,UIL30015,US Contracts,1,주간,전공선택,심수진,3,25,Y,ANH 304,23,"화3,금3","화3,금3","화3,금3",일반과목,Y,3,,,,N,,,,
2016,1,법학부,UIL30016,US Criminal Law and Procedure,1,주간,전공선택,John T.Shin,3,40,Y,ANH 304,20,"월2,목2","월2,목2","월2,목2",일반과목,Y,3,,,,N,,,,
2016,1,법학부,UIL30018,International Economic Law,1,주간,전공선택,최윤정,3,30,Y,ANH 304,13,"월8,목8","월8,목8","월8,목8",일반과목,Y,3,,,,N,,,,
2016,1,법학부,UIL40016,Intellectual Property Law,1,주간,전공선택,송정미,3,40,Y,ANH 304,11,"금6,금7","금6,금7","금6,금7",일반과목,Y,4,,,,N,,,,
2016,1,법학부,LAW30034,행정법,1,주간,전공선택,송인호,3,40,Y,ANH 305,38,"월2,목2","월2,목2","월2,목2",일반과목,N,3,,,,N,,,,
2016,1,법학부,LAW30071,계약법,1,주간,전공선택,신은주,3,40,Y,ANH 305,25,"화5,금5","화5,금5","화5,금5",일반과목,N,3,,,,N,,,,
2016,1,법학부,LAW30072,기업법1,1,주간,전공선택,조혜신,3,40,Y,ANH 305,34,"화3,금3","화3,금3","화3,금3",일반과목,N,3,,,,N,,,,
2016,1,법학부,LAW50004,Capstone Project,1,주간,전공선택,조혜신,3,10,Y,ANH 305,5,"수2,수3","수2,수3","수2,수3",일반과목,N,4,,,,N,,,,
2016,1,법학부,UIL30014,US Constitutional Law,1,주간,전공선택,김정우,3,50,Y,ANH 305,33,"화2,금2","화2,금2","화2,금2",일반과목,Y,3,,,,N,,,,
2016,1,법학부,UIL30017,US Torts,1,주간,전공선택,Charlene Park,3,30,Y,ANH 305,22,"월3,목3","월3,목3","월3,목3",일반과목,Y,3,,,,N,,,,
2016,1,법학부,UIL30051,Survey of American Law,1,주간,교양선택,John T.Shin,3,60,Y,ANH 305,45,"화1,금1","화1,금1","화1,금1",일반과목,Y,3,,,,N,,,W18,전공기초
2016,1,법학부,UIL40075,Justice: Readings in Moral & Political Philosophy,1,주간,전공선택,백은석,3,40,Y,ANH 305,21,"월5,목5","월5,목5","월5,목5",일반과목,Y,4,,,,N,,,,
2016,1,전산전자공학부,ECE30081,신호 및 시스템,1,주간,전공선택,황성수,3,40,Y,ANH 305,48,"월6,목6","월6,목6","월6,목6",일반과목,Y,3,,,,N,,,,
2016,1,기계제어공학부,HMM40043,기계진동학,1,주간,전공선택,이종선,3,60,Y,ANH 305,40,"월1,목1","월1,목1","월1,목1",일반과목,Y,4,,,,N,,,,
2016,1,공간환경시스템공학부,CUE20002,재료역학,1,주간,전공선택,정상모,3,60,Y,ANH 305,40,"월4,목4","월4,목4","월4,목4",일반과목,Y,2,,,,N,,,,
2016,1,Global EDISON Academy,GEA20002,Techno Entrepreneurial Practicum I,1,주간,전공필수,김재효,2,50,Y,ANH 313,30,"목5,목6","목5,목6","목5,목6",일반과목,N,2,,,,N,,,,
2016,1,Global EDISON Academy,GEA20008,Entrepreneurial Vision Development1,1,주간,전공필수,,0,60,Y,ANH 313,29,월1,월1,월1,성적만P/F나감,Y,2,GEA20008,1,C,,,,,
2016,1,Global EDISON Academy,GEA20018,사회적 기업 창업,1,주간,전공선택,유인철,3,40,Y,ANH 313,11,"금6,금7","금6,금7","금6,금7",일반과목,N,2,,,,N,,,,
2016,1,Global EDISON Academy,GEA20051,Introduction to Global Entrepreneurship,1,주간,전공필수,김기홍,3,40,Y,ANH 313,24,"화1,금1","화1,금1","화1,금1",일반과목,Y,2,,,,N,,,,
2016,1,Global EDISON Academy,GEA20055,창업자를 돕는 재무,1,주간,전공선택,김학주,3,40,Y,ANH 313,14,"월3,목3","월3,목3","월3,목3",일반과목,N,2,,,,N,,,,
2016,1,Global EDISON Academy,GEA30011,Entrepreneurial Vision Development3,1,주간,전공필수,,,60,Y,ANH 313,12,월1,월1,월1,성적만P/F나감,Y,3,GEA30011,1,C,,,,,
2016,1,Global EDISON Academy,GEA30012,Entrepreneurial Vision Development4,1,주간,전공필수,최용준외 5명,1,60,Y,ANH 313,15,월1,월1,월1,성적만P/F나감,Y,3,GEA30012,1,D,Y,,,,
2016,1,Global EDISON Academy,GEA30020,마케팅 실무,1,주간,전공선택,강신익,3,25,Y,ANH 313,27,"월5,월6","월5,월6","월5,월6",일반과목,N,3,,,,N,,,,
2016,1,상담심리사회복지학부,CSW20001,상담이론과 실제,1,주간,전공선택,김혜정,3,40,Y,ANH 313,50,"월4,목4","월4,목4","월4,목4",일반과목,Y,2,,,,N,,,,
2016,1,생명과학부,BFT30061,생명과학 미래기술 세미나,1,주간,전공선택,김아람,2,30,Y,ANH 313,15,"화6,화7","화6,화7","화6,화7",일반과목,N,3,,,,N,,,,
2016,1,전산전자공학부,ECE20051,회로이론 1,3,주간,전공선택,박영춘,3,60,Y,ANH 313,53,"화2,금2","화2,금2","화2,금2",일반과목,Y,2,,,,N,,,,
2016,1,전산전자공학부,ECE30030,데이타베이스,1,주간,전공선택,이건,3,40,Y,ANH 313,48,"화5,금5","화5,금5","화5,금5",일반과목,N,3,,,,N,,,,
2016,1,공간환경시스템공학부,CUE20013,지속가능디자인,1,주간,전공선택,안경모외 1명,3,40,Y,ANH 313,30,"화3,금3","화3,금3","화3,금3",일반과목,N,2,,,,N,,,,
2016,1,글로벌리더십학부,GEK10011,창조와 진화,1,주간,교양선택필수,서병선외 4명,2,400,Y,ANH Auditorium,400,"수3,수4","수3,수4","수3,수4",일반과목,N,1,,,,N,,,W08,세계관1
2016,1,글로벌리더십학부,GEK10015,한동인성교육,1,주간,교양필수,신성만외 9명,1,385,Y,ANH Auditorium,403,수2,수2,수2,성적만P/F나감,N,1,,,,N,2016학번 우선수강,,W05,인성1
2016,1,글로벌리더십학부,GEK10041,심리학개론,1,주간,교양선택,신성만,3,150,Y,ANH Auditorium,187,"월3,목3","월3,목3","월3,목3",일반과목,N,1,,,,N,4학년0명/3학년10명/2학년30명/1학년110명,,W18,전공기초
2016,1,글로벌리더십학부,GCS10053,English Communication,1,주간,교양선택필수,Alexander Banks,3,20,Y,GLC 101,20,"화2,금2","화2,금2","화2,금2",일반과목,Y,1,,,,N,,,W32,영어1
2016,1,글로벌리더십학부,GCS10053,English Communication,2,주간,교양선택필수,Alexander Banks,3,20,Y,GLC 101,20,"화4,금4","화4,금4","화4,금4",일반과목,Y,1,,,,N,,,W32,영어1
2016,1,글로벌리더십학부,GCS10053,English Communication,9,주간,교양선택필수,Daniel Esler,3,20,Y,GLC 101,20,"화5,금5","화5,금5","화5,금5",일반과목,Y,1,,,,N,,,W32,영어1
2016,1,글로벌리더십학부,GCS20001,English Reading and Discussion,16,주간,교양선택필수,Martha-Jean MacLeod,3,20,Y,GLC 101,19,"월2,목2","월2,목2","월2,목2",일반과목,Y,2,,,,N,,,W32,영어1
2016,1,글로벌리더십학부,GCS20001,English Reading and Discussion,17,주간,교양선택필수,Martha-Jean MacLeod,3,20,Y,GLC 101,18,"월3,목3","월3,목3","월3,목3",일반과목,Y,2,,,,N,,,W32,영어1
2016,1,글로벌리더십학부,GCS20002,English Grammar and Composition,7,주간,교양선택필수,Alexander Banks,3,20,Y,GLC 101,20,"월4,목4","월4,목4","월4,목4",일반과목,Y,2,,,,N,,,W32,영어1
2016,1,글로벌리더십학부,GCS20002,English Grammar and Composition,8,주간,교양선택필수,Alexander Banks,3,20,Y,GLC 101,20,"월6,목6","월6,목6","월6,목6",일반과목,Y,2,,,,N,,,W32,영어1
2016,1,글로벌리더십학부,GCS30009,EAP-Life Science,1,주간,교양선택필수,Alexander Banks,3,20,Y,GLC 101,20,"화6,금6","화6,금6","화6,금6",일반과목,Y,3,,,,N,,,W32,영어1
2016,1,글로벌리더십학부,GCS10050,English Interactions,4,주간,교양선택필수,Megan J. Cawood,3,20,Y,GLC 106,18,"월2,목2","월2,목2","월2,목2",일반과목,Y,1,,,,N,,1,W32,영어1
2016,1,글로벌리더십학부,GCS10050,English Interactions,6,주간,교양선택필수,Megan J. Cawood,3,20,Y,GLC 106,18,"월5,목5","월5,목5","월5,목5",일반과목,Y,1,,,,N,,1,W32,영어1
2016,1,글로벌리더십학부,GCS10062,English Networks,7,주간,교양선택필수,Robert MacLeod,3,20,Y,GLC 106,5,"화2,금2","화2,금2","화2,금2",일반과목,Y,1,,,,N,,1,W32,영어1
2016,1,글로벌리더십학부,GCS10062,English Networks,8,주간,교양선택필수,Robert MacLeod,3,20,Y,GLC 106,15,"화4,금4","화4,금4","화4,금4",일반과목,Y,1,,,,N,,,W32,영어1
2016,1,글로벌리더십학부,GCS10062,English Networks,9,주간,교양선택필수,Robert MacLeod,3,20,Y,GLC 106,14,"화3,금3","화3,금3","화3,금3",일반과목,Y,1,,,,N,,1,W32,영어1
2016,1,글로벌리더십학부,GCS10062,English Networks,10,주간,교양선택필수,Martha-Jean MacLeod,3,20,Y,GLC 106,18,"화5,금5","화5,금5","화5,금5",일반과목,Y,1,,,,N,,,W32,영어1
2016,1,글로벌리더십학부,GCS10062,English Networks,11,주간,교양선택필수,Martha-Jean MacLeod,3,20,Y,GLC 106,16,"화6,금6","화6,금6","화6,금6",일반과목,Y,1,,,,N,,,W32,영어1
2016,1,글로벌리더십학부,GCS10053,English Communication,5,주간,교양선택필수,Kurt A. Davidek,3,20,Y,GLC 202,18,"화5,금5","화5,금5","화5,금5",일반과목,Y,1,,,,N,,,W32,영어1
2016,1,글로벌리더십학부,GCS20002,English Grammar and Composition,1,주간,교양선택필수,Mark H. Buzby,3,20,Y,GLC 202,20,"월4,목4","월4,목4","월4,목4",일반과목,Y,2,,,,N,,,W32,영어1
2016,1,글로벌리더십학부,GCS20002,English Grammar and Composition,2,주간,교양선택필수,Mark H. Buzby,3,20,Y,GLC 202,20,"월5,목5","월5,목5","월5,목5",일반과목,Y,2,,,,N,,,W32,영어1
2016,1,글로벌리더십학부,GCS20002,English Grammar and Composition,3,주간,교양선택필수,GeorgeVanBruggen,3,0,Y,GLC 202,19,"월1,목1","월1,목1","월1,목1",일반과목,Y,2,,,,N,,,W32,영어1
2016,1,글로벌리더십학부,GCS20002,English Grammar and Composition,4,주간,교양선택필수,GeorgeVanBruggen,3,0,Y,GLC 202,20,"월2,목2","월2,목2","월2,목2",일반과목,Y,2,,,,N,,,W32,영어1
2016,1,글로벌리더십학부,GCS20002,English Grammar and Composition,9,주간,교양선택필수,Richard M. Hamm,3,0,Y,GLC 202,20,"화1,금1","화1,금1","화1,금1",일반과목,Y,2,,,,N,,,W32,영어1
2016,1,글로벌리더십학부,GCS20002,English Grammar and Composition,13,주간,교양선택필수,Megan J. Cawood,3,20,Y,GLC 202,19,"화3,금3","화3,금3","화3,금3",일반과목,Y,2,,,,N,,,W32,영어1
2016,1,글로벌리더십학부,GCS20002,English Grammar and Composition,14,주간,교양선택필수,Megan J. Cawood,3,20,Y,GLC 202,17,"화4,금4","화4,금4","화4,금4",일반과목,Y,2,,,,N,,,W32,영어1
2016,1,글로벌리더십학부,GCS10008,English Pre-Course 1,1,주간,교양선택,김영칠,3,5,Y,GLC 204,5,"월2,목2","월2,목2","월2,목2",일반과목,Y,1,,,,N,,,W33,영어2
2016,1,글로벌리더십학부,GCS10050,English Interactions,1,주간,교양선택필수,Alex D. Bishop,3,20,Y,GLC 301,6,"월1,목1","월1,목1","월1,목1",일반과목,Y,1,,,,N,,1,W32,영어1
2016,1,글로벌리더십학부,GCS10050,English Interactions,2,주간,교양선택필수,Alex D. Bishop,3,20,Y,GLC 301,19,"월2,목2","월2,목2","월2,목2",일반과목,Y,1,,,,N,,,W32,영어1
2016,1,글로벌리더십학부,GCS20001,English Reading and Discussion,7,주간,교양선택필수,John F. Bailey,3,20,Y,GLC 301,20,"월5,목5","월5,목5","월5,목5",일반과목,Y,2,,,,N,,,W32,영어1
2016,1,글로벌리더십학부,GCS20001,English Reading and Discussion,8,주간,교양선택필수,John F. Bailey,3,20,Y,GLC 301,20,"월6,목6","월6,목6","월6,목6",일반과목,Y,2,,,,N,,,W32,영어1
2016,1,글로벌리더십학부,GCS20001,English Reading and Discussion,10,주간,교양선택필수,Alex D. Bishop,3,20,Y,GLC 301,16,"화2,금2","화2,금2","화2,금2",일반과목,Y,2,,,,N,,,W32,영어1
2016,1,글로벌리더십학부,GCS20001,English Reading and Discussion,11,주간,교양선택필수,Mark H. Buzby,3,20,Y,GLC 301,20,"화3,금3","화3,금3","화3,금3",일반과목,Y,2,,,,N,,,W32,영어1
2016,1,글로벌리더십학부,GCS20001,English Reading and Discussion,12,주간,교양선택필수,Mark H. Buzby,3,20,Y,GLC 301,20,"화4,금4","화4,금4","화4,금4",일반과목,Y,2,,,,N,,,W32,영어1
2016,1,글로벌리더십학부,GCS20001,English Reading and Discussion,13,주간,교양선택필수,Mark H. Buzby,3,20,Y,GLC 301,20,"화6,금6","화6,금6","화6,금6",일반과목,Y,2,,,,N,,,W32,영어1
2016,1,글로벌리더십학부,GCS10052,English Foundation ,6,주간,교양선택필수,Amber Hope Montuori,3,20,Y,GLC 302,20,"월2,목2","월2,목2","월2,목2",일반과목,Y,1,,,,N,,,W32,영어1
2016,1,글로벌리더십학부,GCS10052,English Foundation ,7,주간,교양선택필수,Amber Hope Montuori,3,20,Y,GLC 302,20,"월3,목3","월3,목3","월3,목3",일반과목,Y,1,,,,N,,,W32,영어1
2016,1,글로벌리더십학부,GCS10052,English Foundation ,8,주간,교양선택필수,Amber Hope Montuori,3,20,Y,GLC 302,20,"월5,목5","월5,목5","월5,목5",일반과목,Y,1,,,,N,,,W32,영어1
2016,1,글로벌리더십학부,GCS10053,English Communication,10,주간,교양선택필수,Daniel Esler,3,20,Y,GLC 302,19,"화6,금6","화6,금6","화6,금6",일반과목,Y,1,,,,N,,,W32,영어1
2016,1,글로벌리더십학부,GCS10062,English Networks,1,주간,교양선택필수,Daniel Esler,3,20,Y,GLC 302,20,"화1,금1","화1,금1","화1,금1",일반과목,Y,1,,,,N,,,W32,영어1
2016,1,글로벌리더십학부,GCS10062,English Networks,2,주간,교양선택필수,Daniel Esler,3,20,Y,GLC 302,20,"화2,금2","화2,금2","화2,금2",일반과목,Y,1,,,,N,,,W32,영어1
2016,1,글로벌리더십학부,GCS10062,English Networks,3,주간,교양선택필수,Daniel Esler,3,20,Y,GLC 302,19,"화3,금3","화3,금3","화3,금3",일반과목,Y,1,,,,N,,,W32,영어1
2016,1,글로벌리더십학부,GCS20002,English Grammar and Composition,15,주간,교양선택필수,Amber Hope Montuori,3,20,Y,GLC 302,19,"화4,금4","화4,금4","화4,금4",일반과목,Y,2,,,,N,,,W32,영어1
2016,1,글로벌리더십학부,GCS20002,English Grammar and Composition,16,주간,교양선택필수,Amber Hope Montuori,3,20,Y,GLC 302,18,"화5,금5","화5,금5","화5,금5",일반과목,Y,2,,,,N,,,W32,영어1
2016,1,글로벌리더십학부,GCS40001,Essentials of English Communication,1,주간,교양선택,Robert MacLeod,3,4,Y,GLC 302,4,"월4,목4","월4,목4","월4,목4",일반과목,Y,4,,,,N,,,W33,영어2
2016,1,글로벌리더십학부,GCS10052,English Foundation ,4,주간,교양선택필수,Richard M. Hamm,3,20,Y,GLC 303,20,"월4,목4","월4,목4","월4,목4",일반과목,Y,1,,,,N,,,W32,영어1
2016,1,글로벌리더십학부,GCS10052,English Foundation ,5,주간,교양선택필수,Richard M. Hamm,3,20,Y,GLC 303,20,"월5,목5","월5,목5","월5,목5",일반과목,Y,1,,,,N,,,W32,영어1
2016,1,글로벌리더십학부,GCS10052,English Foundation ,12,주간,교양선택필수,Ashley Nation,3,20,Y,GLC 303,20,"월6,목6","월6,목6","월6,목6",일반과목,Y,1,,,,N,,,W32,영어1
2016,1,글로벌리더십학부,GCS10053,English Communication,3,주간,교양선택필수,Kurt A. Davidek,3,20,Y,GLC 303,19,"화2,금2","화2,금2","화2,금2",일반과목,Y,1,,,,N,,,W32,영어1
2016,1,글로벌리더십학부,GCS10053,English Communication,4,주간,교양선택필수,Kurt A. Davidek,3,20,Y,GLC 303,19,"화3,금3","화3,금3","화3,금3",일반과목,Y,1,,,,N,,,W32,영어1
2016,1,글로벌리더십학부,GCS10062,English Networks,4,주간,교양선택필수,GeorgeVanBruggen,3,20,Y,GLC 303,20,"화4,금4","화4,금4","화4,금4",일반과목,Y,1,,,,N,,,W32,영어1
2016,1,글로벌리더십학부,GCS10062,English Networks,5,주간,교양선택필수,GeorgeVanBruggen,3,20,Y,GLC 303,20,"화5,금5","화5,금5","화5,금5",일반과목,Y,1,,,,N,,,W32,영어1
2016,1,글로벌리더십학부,GCS10062,English Networks,6,주간,교양선택필수,GeorgeVanBruggen,3,20,Y,GLC 303,20,"화6,금6","화6,금6","화6,금6",일반과목,Y,1,,,,N,,,W32,영어1
2016,1,글로벌리더십학부,GCS20002,English Grammar and Composition,5,주간,교양선택필수,Chad McDonald,3,20,Y,GLC 303,16,"월2,목2","월2,목2","월2,목2",일반과목,Y,2,,,,N,,,W32,영어1
2016,1,글로벌리더십학부,GCS20002,English Grammar and Composition,6,주간,교양선택필수,Chad McDonald,3,20,Y,GLC 303,18,"월3,목3","월3,목3","월3,목3",일반과목,Y,2,,,,N,,,W32,영어1
2016,1,글로벌리더십학부,GCS10052,English Foundation ,1,주간,교양선택필수,우진하,3,20,Y,GLC 304,21,"월3,목3","월3,목3","월3,목3",일반과목,Y,1,,,,N,,,W32,영어1
2016,1,글로벌리더십학부,GCS10052,English Foundation ,2,주간,교양선택필수,우진하,3,20,Y,GLC 304,21,"월4,목4","월4,목4","월4,목4",일반과목,Y,1,,,,N,,,W32,영어1
2016,1,글로벌리더십학부,GCS10052,English Foundation ,3,주간,교양선택필수,우진하,3,20,Y,GLC 304,20,"월6,목6","월6,목6","월6,목6",일반과목,Y,1,,,,N,,,W32,영어1
2016,1,글로벌리더십학부,GCS10052,English Foundation ,9,주간,교양선택필수,Craig G. Smith,3,20,Y,GLC 304,20,"월1,목1","월1,목1","월1,목1",일반과목,Y,1,,,,N,,,W32,영어1
2016,1,글로벌리더십학부,GCS10052,English Foundation ,10,주간,교양선택필수,Craig G. Smith,3,20,Y,GLC 304,20,"월2,목2","월2,목2","월2,목2",일반과목,Y,1,,,,N,,,W32,영어1
2016,1,글로벌리더십학부,GCS10052,English Foundation ,11,주간,교양선택필수,Ashley Nation,3,20,Y,GLC 304,20,"월5,목5","월5,목5","월5,목5",일반과목,Y,1,,,,N,,,W32,영어1
2016,1,글로벌리더십학부,GCS20001,English Reading and Discussion,1,주간,교양선택필수,Chad McDonald,3,20,Y,GLC 304,9,"화2,금2","화2,금2","화2,금2",일반과목,Y,2,,,,N,,,W32,영어1
2016,1,글로벌리더십학부,GCS20001,English Reading and Discussion,2,주간,교양선택필수,Chad McDonald,3,20,Y,GLC 304,17,"화3,금3","화3,금3","화3,금3",일반과목,Y,2,,,,N,,,W32,영어1
2016,1,글로벌리더십학부,GCS20001,English Reading and Discussion,14,주간,교양선택필수,우진하,3,20,Y,GLC 304,20,"화4,금4","화4,금4","화4,금4",일반과목,Y,2,,,,N,,,W32,영어1
2016,1,글로벌리더십학부,GCS20001,English Reading and Discussion,15,주간,교양선택필수,우진하,3,20,Y,GLC 304,20,"화5,금5","화5,금5","화5,금5",일반과목,Y,2,,,,N,,,W32,영어1
2016,1,글로벌리더십학부,GCS10053,English Communication,6,주간,교양선택필수,Ashley Nation,3,20,Y,GLC 305,20,"화4,금4","화4,금4","화4,금4",일반과목,Y,1,,,,N,,,W32,영어1
2016,1,글로벌리더십학부,GCS10053,English Communication,7,주간,교양선택필수,John F. Bailey,3,20,Y,GLC 305,20,"화5,금5","화5,금5","화5,금5",일반과목,Y,1,,,,N,,,W32,영어1
2016,1,글로벌리더십학부,GCS10053,English Communication,8,주간,교양선택필수,John F. Bailey,3,20,Y,GLC 305,20,"화6,금6","화6,금6","화6,금6",일반과목,Y,1,,,,N,,,W32,영어1
2016,1,글로벌리더십학부,GCS20001,English Reading and Discussion,4,주간,교양선택필수,Jeremy D. Knapp,3,20,Y,GLC 305,15,"월1,목1","월1,목1","월1,목1",일반과목,Y,2,,,,N,,,W32,영어1
2016,1,글로벌리더십학부,GCS20001,English Reading and Discussion,5,주간,교양선택필수,Jeremy D. Knapp,3,19,Y,GLC 305,19,"월2,목2","월2,목2","월2,목2",일반과목,Y,2,,,,N,,,W32,영어1
2016,1,글로벌리더십학부,GCS20001,English Reading and Discussion,6,주간,교양선택필수,Jeremy D. Knapp,3,20,Y,GLC 305,20,"월4,목4","월4,목4","월4,목4",일반과목,Y,2,,,,N,,,W32,영어1
2016,1,글로벌리더십학부,GCS20002,English Grammar and Composition,10,주간,교양선택필수,Alex D. Bishop,3,20,Y,GLC 305,13,"화3,금3","화3,금3","화3,금3",일반과목,Y,2,,,,N,,,W32,영어1
2016,1,글로벌리더십학부,GCS20002,English Grammar and Composition,11,주간,교양선택필수,Jeremy D. Knapp,3,19,Y,GLC 305,19,"화1,금1","화1,금1","화1,금1",일반과목,Y,2,,,,N,,,W32,영어1
2016,1,글로벌리더십학부,GCS20002,English Grammar and Composition,12,주간,교양선택필수,Jeremy D. Knapp,3,0,Y,GLC 305,19,"화2,금2","화2,금2","화2,금2",일반과목,Y,2,,,,N,,,W32,영어1
2016,1,글로벌리더십학부,GEK10061,음악의 이해,1,주간,교양선택,한지은,3,45,Y,HCA 2F,45,"화2,금2","화2,금2","화2,금2",성적만P/F나감,N,1,,,,N,4-2학년25명/1학년20명,,W17,예술
2016,1,글로벌리더십학부,GEK10061,음악의 이해,2,주간,교양선택,한지은,3,45,Y,HCA 2F,46,"화3,금3","화3,금3","화3,금3",성적만P/F나감,N,1,,,,N,4-2학년25명/1학년20명,,W17,예술
2016,1,글로벌리더십학부,GEK10098,교회음악 연습,1,주간,교양선택,한지은,2,45,Y,HCA 2F,46,"화5,금5","화5,금5","화5,금5",성적만P/F나감,N,1,,,,N,4-2학년25명/1학년20명,,W17,예술
2016,1,글로벌리더십학부,GEK10098,교회음악 연습,2,주간,교양선택,유진아,2,40,Y,HCA 2F,59,"화6,화7","화6,화7","화6,화7",성적만P/F나감,Y,1,,,,N,16:00~17:40,,W17,예술
2016,1,글로벌리더십학부,GCS10011,이공계 글쓰기,1,주간,교양선택필수,김종록외 1명,3,30,Y,HDH 303A,34,"화3,금3","화3,금3","화3,금3",일반과목,N,1,,,,N,,,W55,소통
2016,1,글로벌리더십학부,GCS10012,인문사회계 글쓰기,1,주간,교양선택필수,김종록,3,30,Y,HDH 303A,38,"화2,금2","화2,금2","화2,금2",일반과목,N,1,,,,N,,,W55,소통
2016,1,글로벌리더십학부,GCS10037,중국어1,10,주간,교양선택,화위,3,25,Y,HDH 303A,25,"월4,목4","월4,목4","월4,목4",일반과목,N,1,,,,N,,,W24,제2외국어
2016,1,글로벌리더십학부,GCS10037,중국어1,11,주간,교양선택,화위,3,25,Y,HDH 303A,25,"월5,목5","월5,목5","월5,목5",일반과목,N,1,,,,N,,,W24,제2외국어
2016,1,글로벌리더십학부,GCS10054,한국어 1,1,주간,교양선택필수,장은혜,3,20,Y,HDH 303A,12,"화5,금5","화5,금5","화5,금5",일반과목,N,1,,,,N,,1,W54,한국어
2016,1,글로벌리더십학부,GCS10055,한국어 2,1,주간,교양선택필수,석지영,3,20,Y,HDH 303A,18,"월2,목2","월2,목2","월2,목2",일반과목,N,1,,,,N,,,W54,한국어
2016,1,글로벌리더십학부,GCS10056,한국어 3,1,주간,교양선택필수,장은혜,3,20,Y,HDH 303A,8,"화6,금6","화6,금6","화6,금6",일반과목,N,1,,,,N,,1,W54,한국어
2016,1,글로벌리더십학부,GCS10057,한국어 4,1,주간,교양선택필수,석지영,3,20,Y,HDH 303A,14,"월3,목3","월3,목3","월3,목3",일반과목,N,1,,,,N,,1,W54,한국어
2016,1,글로벌리더십학부,GEK10015,한동인성교육,2,주간,교양필수,Alexander Banks,1,0,Y,HDH 303A,37,목1,목1,목1,성적만P/F나감,Y,1,,,,N,,,W05,인성1
2016,1,상담심리사회복지학부,CSW40015,임상심리학,1,주간,전공선택,김혜정,3,60,Y,HDH 303A,13,"월6,목6","월6,목6","월6,목6",일반과목,N,4,,,,N,,,,
2016,1,글로벌리더십학부,GCS10016,고전강독,1,주간,교양선택필수,류대영,2,30,Y,HDH 303B,24,"수2,수3","수2,수3","수2,수3",일반과목,N,1,,,,N,,,W56,융복합
2016,1,글로벌리더십학부,GCS10016,고전강독,2,주간,교양선택필수,손화철,2,30,Y,HDH 303B,24,"화7,금7","화7,금7","화7,금7",일반과목,N,1,,,,N,,,W56,융복합
2016,1,글로벌리더십학부,GCS10033,일본어1,1,주간,교양선택,김영미,3,25,Y,HDH 303B,25,"화2,금2","화2,금2","화2,금2",일반과목,N,1,,,,N,,,W24,제2외국어
2016,1,글로벌리더십학부,GCS10037,중국어1,1,주간,교양선택,민성아,3,25,Y,HDH 303B,27,"월5,목5","월5,목5","월5,목5",일반과목,N,1,,,,N,,,W24,제2외국어
2016,1,글로벌리더십학부,GCS10037,중국어1,2,주간,교양선택,민성아,3,25,Y,HDH 303B,25,"월6,목6","월6,목6","월6,목6",일반과목,N,1,,,,N,,,W24,제2외국어
2016,1,글로벌리더십학부,GCS10037,중국어1,3,주간,교양선택,민성아,3,25,Y,HDH 303B,26,"화3,금3","화3,금3","화3,금3",일반과목,N,1,,,,N,,,W24,제2외국어
2016,1,글로벌리더십학부,GCS10037,중국어1,4,주간,교양선택,민성아,3,25,Y,HDH 303B,23,"화4,금4","화4,금4","화4,금4",일반과목,N,1,,,,N,,,W24,제2외국어
2016,1,글로벌리더십학부,GCS10039,중국어3,1,주간,교양선택,민성아,3,25,Y,HDH 303B,22,"화5,금5","화5,금5","화5,금5",일반과목,N,1,,,,N,,,W24,제2외국어
2016,1,글로벌리더십학부,GEK20019,교회사의이해,1,주간,교양선택필수,Richard M. Hamm,3,30,Y,HDH 303B,27,"월2,목2","월2,목2","월2,목2",일반과목,Y,1,,,,N,,,W09,세계관2
2016,1,상담심리사회복지학부,CSW20005,이상심리학,1,주간,전공선택,김혜정,3,40,Y,HDH 303B,50,"월3,목3","월3,목3","월3,목3",일반과목,Y,3,,,,N,,,,
2016,1,글로벌리더십학부,GEK10095,Calculus 1,2,주간,교양선택필수,이한진,3,80,Y,HDH 318,77,"화3,금3","화3,금3","화3,금3",일반과목,Y,1,,,,N,1학년 우선수강 / 해외학생 우선수강,,W29,자연과학
2016,1,국제어문학부,ISE10002,언어학개론,1,주간,전공선택,조준모,3,60,Y,HDH 318,62,"월2,목2","월2,목2","월2,목2",일반과목,Y,1,,,,N,,,,
2016,1,국제어문학부,ISE10051,정치학개론,1,주간,전공선택,마민호,3,80,Y,HDH 318,80,월4,월4,월4,일반과목,N,1,,,,N,,,,
2016,1,국제어문학부,ISE10051,정치학개론,2,주간,전공선택,마민호,3,80,Y,HDH 318,73,월5,월5,월5,일반과목,N,1,,,,N,,,,
2016,1,국제어문학부,ISE10052,국제관계학입문,1,주간,전공선택,김준형,3,80,Y,HDH 318,77,"수1,수3","수1,수3","수1,수3",일반과목,N,1,,,,N,,,,
2016,1,국제어문학부,ISE20075,한국대외정책론,1,주간,전공선택,방청록,3,60,Y,HDH 318,73,"월3,목3","월3,목3","월3,목3",일반과목,N,2,,,,N,,,,
2016,1,국제어문학부,ISE20084,지역학 입문,1,주간,전공선택,박원곤,3,40,Y,HDH 318,41,"월6,목6","월6,목6","월6,목6",일반과목,Y,2,,,,N,,,,
2016,1,국제어문학부,ISE20085,국제개발협력의 이해,1,주간,전공선택,방청록외 2명,3,80,Y,HDH 318,50,"화5,화6","화5,화6","화5,화6",일반과목,N,2,,,,N,,,,
2016,1,상담심리사회복지학부,CSW20021,학습심리학,1,주간,전공선택,이윤희,3,69,Y,HDH 318,69,"화1,금1","화1,금1","화1,금1",일반과목,N,2,,,,N,,,,
2016,1,상담심리사회복지학부,CSW30056,사회복지정책론,1,주간,전공선택,강병덕,3,60,Y,HDH 318,46,"화2,금2","화2,금2","화2,금2",일반과목,Y,3,,,,N,,,,
2016,1,상담심리사회복지학부,CSW40054,고급현장실습,4,주간,전공선택,정숙희,3,0,Y,HDH 318,5,"목7,목8","목7,목8","목7,목8",성적만P/F나감,N,4,,,,N,,,,
2016,1,글로벌리더십학부,GCS10058,C 프로그래밍,1,주간,교양선택필수,김상환,3,40,Y,HDH 320A,49,"월5,목5","월5,목5","월5,목5",일반과목,Y,1,,,,N,전학년 동시 수강신청. 해외학생 우선수강,,W58,프로그래밍기초
2016,1,창의융합교육원,CCE24001,"Vision, Work and Calling",1,주간,전공필수,Kurt A. Davidek,2,30,Y,HDH 320A,16,월7,월7,월7,일반과목,Y,2,,,,N,,,,
2016,1,창의융합교육원,CCE42001,교육현장실습,1,주간,전공필수,박혜경,3,20,Y,HDH 320A,3,"화4,금4","화4,금4","화4,금4",일반과목,N,4,,,,N,,,,
2016,1,국제어문학부,ISE20006,영문법,1,주간,전공선택,윤상헌,3,40,Y,HDH 320A,28,"월6,목6","월6,목6","월6,목6",일반과목,N,2,,,,,,,,
2016,1,국제어문학부,ISE30081,미국대외정책론,1,주간,전공선택,김준형,3,40,Y,HDH 320A,26,"월1,목1","월1,목1","월1,목1",일반과목,Y,3,,,,N,,,,
2016,1,국제어문학부,ISE40013,Special Topics in TESOL,1,주간,전공선택,조준모,3,20,Y,HDH 320A,11,"월4,목4","월4,목4","월4,목4",일반과목,Y,4,,,,N,,,,
2016,1,언론정보문화학부,CCC20086,희곡의 이해,1,주간,전공선택,Megan J. Cawood,3,30,Y,HDH 320A,34,"화2,금2","화2,금2","화2,금2",일반과목,Y,2,,,,N,,,,
2016,1,상담심리사회복지학부,CSW20001,상담이론과 실제,2,주간,전공선택,황혜리,3,40,Y,HDH 320B,40,"수2,수3","수2,수3","수2,수3",일반과목,N,2,,,,N,,,,
2016,1,상담심리사회복지학부,CSW20020,인지심리학,1,주간,전공선택,라영안,3,40,Y,HDH 320B,29,"월4,목4","월4,목4","월4,목4",일반과목,Y,2,,,,N,,,,
2016,1,상담심리사회복지학부,CSW20064,사회문제론,1,주간,전공선택,강병덕,3,40,Y,HDH 320B,39,"화6,금6","화6,금6","화6,금6",일반과목,Y,2,,,,N,,,,
2016,1,상담심리사회복지학부,CSW30006,상담실습1(LAB),1,주간,전공필수,황혜리,3,40,Y,HDH 320B,40,"월6,목6","월6,목6","월6,목6",일반과목,N,4,,,,N,,,,
2016,1,상담심리사회복지학부,CSW30008,아동복지론,1,주간,전공선택,전명희,3,40,Y,HDH 320B,38,"화2,금2","화2,금2","화2,금2",일반과목,Y,3,,,,N,,,,
2016,1,상담심리사회복지학부,CSW30021,프로그램개발과평가,1,주간,전공선택,전명희,3,40,Y,HDH 320B,19,"화5,금5","화5,금5","화5,금5",성적만P/F나감,Y,3,,,,N,,,,
2016,1,상담심리사회복지학부,CSW30035,상담특론 ,1,주간,전공선택,황혜리,3,40,Y,HDH 320B,15,"월5,목5","월5,목5","월5,목5",일반과목,N,3,,,,N,,,,
2016,1,상담심리사회복지학부,CSW40010,심리세미나,2,주간,전공선택,Lantinga Sherri brenda,3,40,Y,HDH 320B,16,"월3,목3","월3,목3","월3,목3",일반과목,Y,4,,,,N,,,,
2016,1,상담심리사회복지학부,CSW40052,사회복지현장실습,1,주간,전공선택,정숙희,3,40,Y,HDH 320B,20,"월1,목1","월1,목1","월1,목1",성적만P/F나감,N,4,,,,N,,,,
2016,1,상담심리사회복지학부,CSW40054,고급현장실습,2,주간,전공선택,신성만,3,0,Y,HDH 320B,,"화8,금8","화8,금8","화8,금8",성적만P/F나감,N,4,,,,N,,,,
2016,1,창의융합교육원,CCE22001,교육심리,1,주간,전공필수,Richard M. Hamm,3,35,Y,HDH 323C,33,"화6,금6","화6,금6","화6,금6",일반과목,Y,2,,,,N,,,,
2016,1,국제어문학부,ISE20042,Culture and Literature in the Global Context,1,주간,전공선택,허명수,3,40,Y,HDH 323C,14,"월3,목3","월3,목3","월3,목3",일반과목,Y,2,,,,N,,,,
2016,1,국제어문학부,ISE20043,The Structure of Modern English: Words and Word Formation,1,주간,전공선택,윤상헌,3,40,Y,HDH 323C,37,"화2,금2","화2,금2","화2,금2",일반과목,Y,2,,,,N,,,,
2016,1,국제어문학부,ISE20074,한국정치론,1,주간,전공선택,박원곤,3,40,Y,HDH 323C,43,"화3,금3","화3,금3","화3,금3",일반과목,Y,2,,,,N,,,,
2016,1,국제어문학부,ISE30052,국제정치경제,1,주간,전공선택,방청록,3,40,Y,HDH 323C,15,"월1,목1","월1,목1","월1,목1",일반과목,N,3,,,,,,,,
2016,1,국제어문학부,ISE30080,국제관계사,1,주간,전공선택,Nicholas Scott Lantinga,3,40,Y,HDH 323C,16,"화5,금5","화5,금5","화5,금5",일반과목,Y,3,,,,N,,,,
2016,1,국제어문학부,ISE30095,Translation in the Global context,1,주간,전공선택,허명수,3,40,Y,HDH 323C,10,"월6,목6","월6,목6","월6,목6",일반과목,N,3,,,,N,,,,
2016,1,국제어문학부,ISE30097,The Structure of Modern English: Sound Patterns,1,주간,전공선택,조준모,3,40,Y,HDH 323C,30,"화4,금4","화4,금4","화4,금4",일반과목,Y,3,,,,N,,,,
2016,1,국제어문학부,ISE40082,Topics in Language and Thought,1,주간,전공선택,윤상헌,3,40,Y,HDH 323C,14,"수2,수3","수2,수3","수2,수3",일반과목,N,4,,,,N,,,,
2016,1,상담심리사회복지학부,CSW30063,장애인복지론,1,주간,전공선택,정숙희,3,40,Y,HDH 323C,35,"월5,목5","월5,목5","월5,목5",일반과목,N,3,,,,,,,,
2016,1,산업교육학부,SIE40061,사회복지현장실습,1,야간,전공필수,유장춘,3,2,Y,HDH 323C,1,"월11,수11,금11","월11,수11,금11","월11,수11,금11",성적만P/F나감,N,4,,,,N,,,,
2016,1,국제어문학부,ISE20072,중국사회의 이해,1,주간,전공선택,박만준,3,40,Y,HDH 324,36,"화4,화5","화4,화5","화4,화5",일반과목,N,2,,,,N,,,,
2016,1,국제어문학부,ISE30015,영어교육학입문,1,주간,전공선택,JudithVanBruggen,3,40,Y,HDH 324,40,"화3,금3","화3,금3","화3,금3",일반과목,Y,3,,,,N,,,,
2016,1,국제어문학부,ISE30032,English Speech,1,주간,전공선택,JudithVanBruggen,3,25,Y,HDH 324,22,"화2,금2","화2,금2","화2,금2",일반과목,Y,3,ISE30032,1,D,N,,,,
2016,1,국제어문학부,ISE30096,Interpretation in the Global Context,1,주간,전공선택,박혜경,3,25,Y,HDH 324,25,"월2,목2","월2,목2","월2,목2",일반과목,N,3,,,,N,,,,
2016,1,국제어문학부,ISE40075,국제협상론,1,주간,전공선택,이갑진,3,40,Y,HDH 324,31,"금4,금5","금4,금5","금4,금5",일반과목,Y,4,,,,N,,,,
2016,1,국제어문학부,ISE20040,Reading and Reflecting through Great Minds,1,주간,전공선택,박혜경,3,30,Y,HDH 326A,30,"월5,목5","월5,목5","월5,목5",일반과목,N,2,,,,N,,,,
2016,1,국제어문학부,ISE20086,정치철학의 이해,1,주간,전공선택,Nicholas Scott Lantinga,3,40,Y,HDH 326A,31,"화2,금2","화2,금2","화2,금2",일반과목,Y,2,,,,N,,,,
2016,1,국제어문학부,ISE30071,중국정치외교론,1,주간,전공선택,마민호,3,40,Y,HDH 326A,25,"월2,목2","월2,목2","월2,목2",일반과목,N,3,,,,N,,,,
2016,1,국제어문학부,ISE40073,동북아국제관계,1,주간,전공선택,김준형,3,40,Y,HDH 326A,13,"화6,화7","화6,화7","화6,화7",일반과목,N,4,,,,N,,,,
2016,1,국제어문학부,ISE40073,동북아국제관계,2,주간,전공선택,박원곤,3,40,Y,HDH 326A,41,"월4,목4","월4,목4","월4,목4",일반과목,Y,4,,,,N,,,,
2016,1,국제어문학부,ISE40085,국제지역학 세미나,4,주간,전공선택,김학준,3,0,Y,HDH 326A,13,"화4,화5","화4,화5","화4,화5",일반과목,N,4,,,,N,,,,
2016,1,상담심리사회복지학부,CSW30081,사회복지윤리와 철학,1,주간,전공선택,유장춘,3,40,Y,HDH 326A,17,"월6,목6","월6,목6","월6,목6",일반과목,N,3,,,,N,,,,
2016,1,글로벌리더십학부,GCS20008,컴퓨터그래픽 기초,1,주간,교양선택필수,이중섭,2,29,Y,HDH 402,29,"월2,월3","월2,월3","월2,월3",일반과목,N,2,,,,N,전학년 동시 수강신청,,W59,소프트웨어활용
2016,1,글로벌리더십학부,GCS20008,컴퓨터그래픽 기초,2,주간,교양선택필수,이중섭,2,29,Y,HDH 402,29,"월5,월6","월5,월6","월5,월6",일반과목,N,2,,,,N,전학년 동시 수강신청,,W59,소프트웨어활용
2016,1,콘텐츠융합디자인학부,IID20055,Computer Graphic Design 1,1,주간,전공필수,전예윤,3,25,Y,HDH 402,25,"화3,화4","화3,화4","화3,화4",일반과목,N,2,,,,N,,,,
2016,1,콘텐츠융합디자인학부,IID20055,Computer Graphic Design 1,2,주간,전공필수,전예윤,3,25,Y,HDH 402,26,"화5,화6","화5,화6","화5,화6",일반과목,N,2,,,,N,,,,
2016,1,콘텐츠융합디자인학부,IID20055,Computer Graphic Design 1,3,주간,전공필수,전예윤,3,25,Y,HDH 402,28,"수2,수3","수2,수3","수2,수3",일반과목,N,2,,,,N,,,,
2016,1,콘텐츠융합디자인학부,IID30067,3D Modeling Design,1,주간,전공선택,강대근,3,25,Y,HDH 402,25,"금3,금4","금3,금4","금3,금4",일반과목,N,3,,,,N,,,,
2016,1,글로벌리더십학부,GCS10001,소프트웨어 입문,3,주간,교양선택필수,김헌주,2,45,Y,HDH 403,48,"화5,금5","화5,금5","화5,금5",일반과목,N,1,,,,N,1학년 우선수강,,W57,ICT입문
2016,1,글로벌리더십학부,GCS10002,ICT 응용 입문,1,주간,교양선택필수,김바울,2,45,Y,HDH 403,46,"화6,화7","화6,화7","화6,화7",일반과목,N,1,,,,N,1학년 우선수강,,W57,ICT입문
2016,1,글로벌리더십학부,GCS10002,ICT 응용 입문,3,주간,교양선택필수,김경미,2,45,Y,HDH 403,51,"월6,목6","월6,목6","월6,목6",일반과목,N,1,,,,N,1학년 우선수강,,W57,ICT입문
2016,1,글로벌리더십학부,GCS10002,ICT 응용 입문,4,주간,교양선택필수,김경미,2,45,Y,HDH 403,48,"월7,목7","월7,목7","월7,목7",일반과목,N,1,,,,N,1학년 우선수강,,W57,ICT입문
2016,1,글로벌리더십학부,GCS10002,ICT 응용 입문,5,주간,교양선택필수,김바울,2,45,Y,HDH 403,50,"화1,금1","화1,금1","화1,금1",일반과목,N,1,,,,N,1학년 우선수강,,W57,ICT입문
2016,1,글로벌리더십학부,GCS10002,ICT 응용 입문,6,주간,교양선택필수,김바울,2,45,Y,HDH 403,49,"화2,금2","화2,금2","화2,금2",일반과목,N,1,,,,N,1학년 우선수강,,W57,ICT입문
2016,1,글로벌리더십학부,GCS10002,ICT 응용 입문,7,주간,교양선택필수,김바울,2,45,Y,HDH 403,49,"화3,금3","화3,금3","화3,금3",일반과목,N,1,,,,N,1학년 우선수강,,W57,ICT입문
2016,1,글로벌리더십학부,GCS10007,오피스활용,1,주간,교양선택필수,도해영,2,45,Y,HDH 403,47,"월4,목4","월4,목4","월4,목4",일반과목,N,1,,,,N,전학년 동시 수강신청,,W59,소프트웨어활용
2016,1,글로벌리더십학부,GCS10007,오피스활용,2,주간,교양선택필수,도해영,2,45,Y,HDH 403,47,"월5,목5","월5,목5","월5,목5",일반과목,N,1,,,,N,전학년 동시 수강신청,,W59,소프트웨어활용
2016,1,글로벌리더십학부,GCS20005,데이타통계처리,1,주간,교양선택필수,도해영,2,45,Y,HDH 403,48,"월2,목2","월2,목2","월2,목2",일반과목,N,2,,,,N,전학년 동시 수강신청,,W59,소프트웨어활용
2016,1,글로벌리더십학부,GCS20005,데이타통계처리,2,주간,교양선택필수,도해영,2,45,Y,HDH 403,47,"월3,목3","월3,목3","월3,목3",일반과목,N,2,,,,N,전학년 동시 수강신청,,W59,소프트웨어활용
2016,1,글로벌리더십학부,GCS20005,데이타통계처리,3,주간,교양선택필수,도해영,2,45,Y,HDH 403,45,"월1,목1","월1,목1","월1,목1",일반과목,N,2,,,,,,,W59,소프트웨어활용
2016,1,상담심리사회복지학부,CSW20085,사회복지자료분석론,1,주간,전공선택,강병덕,3,40,Y,HDH 403,39,"화4,금4","화4,금4","화4,금4",일반과목,N,2,,,,N,,,,
2016,1,글로벌리더십학부,GEK10021,생활체육 1,4,주간,교양선택,김구현,1,18,Y,HDH 418B,14,금5,금5,금5,성적만P/F나감,N,1,,,,N,조정 / 강의실: 1~5주차 사용 / 야외실기 수업위주의 강의편성,1,W31,스포츠
2016,1,글로벌리더십학부,GEK10055,물리학 1,1,주간,교양선택필수,조현지,3,60,Y,HDH 418B,57,"화1,금1","화1,금1","화1,금1",일반과목,N,1,,,,N,1학년 우선수강,,W29,자연과학
2016,1,글로벌리더십학부,GEK10055,물리학 1,2,주간,교양선택필수,조현지,3,60,Y,HDH 418B,73,"화2,금2","화2,금2","화2,금2",일반과목,N,1,,,,N,1학년 우선수강,,W29,자연과학
2016,1,글로벌리더십학부,GEK10087,동양의 역사와 문화,1,주간,교양선택필수,김종건,3,60,Y,HDH 418B,38,"목8,목9","목8,목9","목8,목9",일반과목,N,1,,,,N,,,W27,인문학
2016,1,글로벌리더십학부,GEK10090,물리학 개론,1,주간,교양선택필수,조현지,3,60,Y,HDH 418B,63,"화3,금3","화3,금3","화3,금3",일반과목,N,1,,,,N,1학년 우선수강,,W29,자연과학
2016,1,글로벌리더십학부,GEK10095,Calculus 1,1,주간,교양선택필수,송민경,3,80,Y,HDH 418B,77,"월5,목5","월5,목5","월5,목5",일반과목,N,1,,,,N,1학년 우선수강,,W29,자연과학
2016,1,글로벌리더십학부,GEK10095,Calculus 1,3,주간,교양선택필수,이한진,3,80,Y,HDH 418B,60,"화6,금6","화6,금6","화6,금6",일반과목,Y,1,,,,N,1학년 우선수강,,W29,자연과학
2016,1,글로벌리더십학부,GEK10095,Calculus 1,4,주간,교양선택필수,김광익,3,60,Y,HDH 418B,43,"월4,목4","월4,목4","월4,목4",일반과목,N,1,,,,N,1학년 우선수강,,W29,자연과학
2016,1,글로벌리더십학부,GEK10096,Calculus 2,1,주간,교양선택필수,송민경,3,80,Y,HDH 418B,79,"월2,목2","월2,목2","월2,목2",일반과목,N,1,,,,N,1학년 우선수강,,W29,자연과학
2016,1,글로벌리더십학부,GEK10096,Calculus 2,2,주간,교양선택필수,송민경,3,80,Y,HDH 418B,78,"월3,목3","월3,목3","월3,목3",일반과목,N,1,,,,N,1학년 우선수강,,W29,자연과학
2016,1,글로벌리더십학부,GEK10096,Calculus 2,4,주간,교양선택필수,박병오,3,80,Y,HDH 418B,53,"월6,목6","월6,목6","월6,목6",일반과목,N,1,,,,N,1학년 우선수강,,W29,자연과학
2016,1,글로벌리더십학부,GEK10038,물리학실험1,1,주간,교양선택필수,조현지,1,25,Y,HDH 419,15,"목1,목2","목1,목2","목1,목2",성적만P/F나감,N,1,,,,N,1학년 우선수강,,W29,자연과학
2016,1,글로벌리더십학부,GEK10038,물리학실험1,2,주간,교양선택필수,조현지,1,25,Y,HDH 419,23,"목3,목4","목3,목4","목3,목4",성적만P/F나감,N,1,,,,N,1학년 우선수강,,W29,자연과학
2016,1,글로벌리더십학부,GEK10038,물리학실험1,3,주간,교양선택필수,조현지,1,25,Y,HDH 419,28,"목5,목6","목5,목6","목5,목6",성적만P/F나감,N,1,,,,N,1학년 우선수강,,W29,자연과학
2016,1,글로벌리더십학부,GCS10001,소프트웨어 입문,1,주간,교양선택필수,김헌주,2,45,Y,HDH 424,51,"화2,금2","화2,금2","화2,금2",일반과목,N,1,,,,N,1학년 우선수강,,W57,ICT입문
2016,1,글로벌리더십학부,GCS10001,소프트웨어 입문,2,주간,교양선택필수,김헌주,2,45,Y,HDH 424,50,"화3,금3","화3,금3","화3,금3",일반과목,N,1,,,,N,1학년 우선수강,,W57,ICT입문
2016,1,글로벌리더십학부,GCS10001,소프트웨어 입문,4,주간,교양선택필수,김군오,2,45,Y,HDH 424,51,"월2,목2","월2,목2","월2,목2",일반과목,N,1,,,,N,1학년 우선수강,,W57,ICT입문
2016,1,글로벌리더십학부,GCS10001,소프트웨어 입문,5,주간,교양선택필수,김군오,2,45,Y,HDH 424,52,"월3,목3","월3,목3","월3,목3",일반과목,N,1,,,,N,1학년 우선수강,,W57,ICT입문
2016,1,글로벌리더십학부,GCS10001,소프트웨어 입문,6,주간,교양선택필수,김군오,2,45,Y,HDH 424,51,"월5,목5","월5,목5","월5,목5",일반과목,N,1,,,,N,1학년 우선수강,,W57,ICT입문
2016,1,글로벌리더십학부,GCS10001,소프트웨어 입문,7,주간,교양선택필수,최혜봉,2,45,Y,HDH 424,47,"월1,목1","월1,목1","월1,목1",일반과목,Y,1,,,,,1학년 우선수강. 해외학생 우선수강,,W57,ICT입문
2016,1,글로벌리더십학부,GCS10002,ICT 응용 입문,2,주간,교양선택필수,김군오,2,45,Y,HDH 424,49,"월6,목6","월6,목6","월6,목6",일반과목,N,1,,,,N,1학년 우선수강,,W57,ICT입문
2016,1,글로벌리더십학부,GCS20009,하이브리드웹 설계,1,주간,교양선택필수,김군오,2,30,Y,HDH 424,43,"화5,금5","화5,금5","화5,금5",일반과목,N,2,,,,N,전학년 동시 수강신청 / 온라인.오프라인 수업 병행 / 인터넷활용 동일과목,,W59,소프트웨어활용
2016,1,글로벌리더십학부,GCS10010,대학 글쓰기 기초,1,주간,교양선택필수,김종록,3,30,Y,HDH 425B,51,"화6,금6","화6,금6","화6,금6",일반과목,N,1,,,,N,,,W55,소통
2016,1,글로벌리더십학부,GEK10053,미분방정식과 응용,2,주간,교양선택필수,박병오,3,60,Y,HDH 425B,63,"월5,목5","월5,목5","월5,목5",일반과목,N,1,,,,N,,,W29,자연과학
2016,1,글로벌리더십학부,GEK10090,물리학 개론,2,주간,교양선택필수,조현지,3,60,Y,HDH 425B,64,"화5,금5","화5,금5","화5,금5",일반과목,N,1,,,,N,1학년 우선수강,,W29,자연과학
2016,1,글로벌리더십학부,GEK10093,"문학, 영화, 그리고 역사",1,주간,교양선택필수,류대영,3,40,Y,HDH 425B,37,"화3,금3","화3,금3","화3,금3",일반과목,N,1,,,,N,,,W56,융복합
2016,1,글로벌리더십학부,GEK20033,한국기독교의 역사와 문화,1,주간,교양선택필수,류대영,3,60,Y,HDH 425B,50,"화2,금2","화2,금2","화2,금2",일반과목,N,1,,,,N,,,W27,인문학
2016,1,글로벌리더십학부,GEK20053,통계학,1,주간,교양선택필수,김헌주,3,50,Y,HDH 425B,51,"월2,목2","월2,목2","월2,목2",일반과목,N,1,,,,N,,,W29,자연과학
2016,1,글로벌리더십학부,GEK20053,통계학,2,주간,교양선택필수,김헌주,3,50,Y,HDH 425B,50,"월3,목3","월3,목3","월3,목3",일반과목,N,1,,,,N,,,W29,자연과학
2016,1,경영경제학부,MEC20057,경영IT실무,1,주간,전공선택,김영진,3,30,Y,NMH 102B,30,"월6,월7","월6,월7","월6,월7",일반과목,Y,2,,,,N,,,,
2016,1,경영경제학부,MEC20057,경영IT실무,2,주간,전공선택,김대식,3,30,Y,NMH 102B,27,"화6,화7","화6,화7","화6,화7",일반과목,N,2,,,,N,,,,
2016,1,경영경제학부,MEC20057,경영IT실무,3,주간,전공선택,조이수,3,30,Y,NMH 102B,19,"화1,금1","화1,금1","화1,금1",일반과목,N,2,,,,N,,,,
2016,1,경영경제학부,MEC10002,경영학입문,1,주간,전공선택,김영진,3,40,Y,NMH 103A,40,"월3,목3","월3,목3","월3,목3",일반과목,Y,1,,,,N,,,W18,전공기초
2016,1,경영경제학부,MEC20001,미시경제학,1,주간,전공선택,김재홍,3,50,Y,NMH 103A,48,"월4,목4","월4,목4","월4,목4",일반과목,Y,2,,,,N,,,,
2016,1,경영경제학부,MEC20001,미시경제학,2,주간,전공선택,정연제,3,50,Y,NMH 103A,13,"월8,월9","월8,월9","월8,월9",일반과목,N,2,,,,,,,,
2016,1,경영경제학부,MEC20002,거시경제학,2,주간,전공선택,안세일,3,40,Y,NMH 103A,43,"화2,금2","화2,금2","화2,금2",일반과목,Y,2,,,,N,,,,
2016,1,경영경제학부,MEC20051,경영정보시스템론,1,주간,전공선택,김영진,3,40,Y,NMH 103A,43,"월2,목2","월2,목2","월2,목2",일반과목,Y,2,,,,N,,,,
2016,1,경영경제학부,MEC20051,경영정보시스템론,2,주간,전공선택,조대연,3,40,Y,NMH 103A,17,"월1,목1","월1,목1","월1,목1",일반과목,N,2,,,,N,,,,
2016,1,경영경제학부,MEC20058,재무관리론,2,주간,전공선택,조이수,3,40,Y,NMH 103A,28,"화3,금3","화3,금3","화3,금3",일반과목,N,2,,,,N,,,,
2016,1,경영경제학부,MEC30010,게임및정보이론,1,주간,전공선택,김재홍,3,40,Y,NMH 103A,46,"화5,화6","화5,화6","화5,화6",일반과목,N,3,,,,N,,,,
2016,1,경영경제학부,MEC30012,고급미시경제학,1,주간,전공선택,강사웅,3,40,Y,NMH 103A,28,"월5,목5","월5,목5","월5,목5",일반과목,Y,3,,,,N,,,,
2016,1,경영경제학부,MEC30074,인사관리론,1,주간,전공선택,이유진,3,40,Y,NMH 103A,40,"화1,금1","화1,금1","화1,금1",일반과목,Y,3,,,,N,,,,
2016,1,경영경제학부,MEC30074,인사관리론,2,주간,전공선택,이유진,3,40,Y,NMH 103A,38,"월6,목6","월6,목6","월6,목6",일반과목,Y,3,,,,N,,,,
2016,1,글로벌리더십학부,GCS10019,독일어 1,2,주간,교양선택,남중섭,3,25,Y,NMH 104A,23,"월1,목1","월1,목1","월1,목1",일반과목,N,1,,,,N,"독일어 사용가능한 학생은 수강불가
",,W24,제2외국어
2016,1,글로벌리더십학부,GCS10023,러시아어1,1,주간,교양선택,이승억,3,25,Y,NMH 104A,12,"화5,금5","화5,금5","화5,금5",일반과목,N,1,,,,N,,1,W24,제2외국어
2016,1,글로벌리더십학부,GCS10037,중국어1,5,주간,교양선택,권용호,3,25,Y,NMH 104A,27,"월2,목2","월2,목2","월2,목2",일반과목,N,1,,,,N,,,W24,제2외국어
2016,1,글로벌리더십학부,GCS10037,중국어1,6,주간,교양선택,권용호,3,25,Y,NMH 104A,29,"월3,목3","월3,목3","월3,목3",일반과목,N,1,,,,N,,,W24,제2외국어
2016,1,글로벌리더십학부,GCS10037,중국어1,7,주간,교양선택,권용호,3,25,Y,NMH 104A,27,"화2,금2","화2,금2","화2,금2",일반과목,N,1,,,,N,,,W24,제2외국어
2016,1,글로벌리더십학부,GCS10039,중국어3,2,주간,교양선택,권용호,3,25,Y,NMH 104A,25,"화3,금3","화3,금3","화3,금3",일반과목,N,1,,,,N,,,W24,제2외국어
2016,1,언론정보문화학부,CCC20050,인간커뮤니케이션,1,주간,전공선택,신순철,3,0,Y,NMH 104A,21,"월5,목5","월5,목5","월5,목5",일반과목,N,2,,,,N,,,,
2016,1,경영경제학부,MEC30075,투자론,1,주간,전공선택,강성준,3,40,Y,NMH 104A,40,"월6,목6","월6,목6","월6,목6",일반과목,N,3,,,,N,,,,
2016,1,글로벌리더십학부,GEK10062,미술의 이해,1,주간,교양선택,김민지,3,70,Y,NMH 105,70,"월2,목2","월2,목2","월2,목2",성적만P/F나감,N,1,,,,N,,,W17,예술
2016,1,글로벌리더십학부,GEK10062,미술의 이해,2,주간,교양선택,김민지,3,70,Y,NMH 105,69,"월3,목3","월3,목3","월3,목3",성적만P/F나감,N,1,,,,N,,,W17,예술
2016,1,글로벌리더십학부,GEK10099,시각예술의 이해,1,주간,교양선택,김민지,3,60,Y,NMH 105,28,"월4,목4","월4,목4","월4,목4",일반과목,N,1,,,,N,,,W17,예술
2016,1,창의융합교육원,CCE20002,ICT 융합 입문,1,주간,전공선택,조대연외 2명,3,50,Y,NMH 105,27,"수2,수3","수2,수3","수2,수3",일반과목,N,2,,,,,,,,
2016,1,창의융합교육원,CCE20007,ICT융합 실습 I,1,주간,전공선택,최창범,3,50,Y,NMH 105,13,"화7,화8","화7,화8","화7,화8",일반과목,N,2,,,,,,,,
2016,1,창의융합교육원,CCE30001,인간과 컴퓨터 상호작용,1,주간,전공선택,김상환,3,30,Y,NMH 105,9,"화3,금3","화3,금3","화3,금3",일반과목,Y,3,,,,N,,,,
2016,1,창의융합교육원,CCE30006,ICT융합 모델링 및 분석,1,주간,전공선택,최창범,3,50,Y,NMH 105,10,"화2,금2","화2,금2","화2,금2",일반과목,N,3,,,,N,,1,,
2016,1,경영경제학부,MEC10002,경영학입문,2,주간,전공선택,유기선,3,80,Y,NMH 105,75,"화4,금4","화4,금4","화4,금4",일반과목,N,1,,,,N,,,W18,전공기초
2016,1,경영경제학부,MEC30002,금융경제학,1,주간,전공선택,안세일,3,60,Y,NMH 105,51,"화5,금5","화5,금5","화5,금5",일반과목,N,3,,,,N,,,,
2016,1,상담심리사회복지학부,CSW20005,이상심리학,2,주간,전공선택,신성만,3,80,Y,NMH 105,86,"월5,목5","월5,목5","월5,목5",일반과목,N,3,,,,N,,,,
2016,1,기계제어공학부,HMM20041,고체역학,1,주간,전공선택,박동규,3,60,Y,NMH 105,79,"월1,목1","월1,목1","월1,목1",일반과목,N,3,,,,N,,,,
2016,1,경영경제학부,MEC10001,경제학입문,2,주간,전공선택,안진원,3,80,Y,NMH 106,28,"화2,금2","화2,금2","화2,금2",일반과목,N,1,,,,N,,,W18,전공기초
2016,1,경영경제학부,MEC10002,경영학입문,3,주간,전공선택,이유진,3,100,Y,NMH 106,50,"월1,목1","월1,목1","월1,목1",일반과목,N,1,,,,N,,,W18,전공기초
2016,1,경영경제학부,MEC10002,경영학입문,4,주간,전공선택,Scott C. Lincoln,3,40,Y,NMH 106,19,"월2,목2","월2,목2","월2,목2",일반과목,Y,1,,,,N,,,W18,전공기초
2016,1,경영경제학부,MEC20054,마케팅관리론,2,주간,전공선택,이혜규,3,40,Y,NMH 106,46,"화3,금3","화3,금3","화3,금3",일반과목,Y,2,,,,N,,,,
2016,1,경영경제학부,MEC20055,회계실무,4,주간,전공선택,Scott C. Lincoln,3,40,Y,NMH 106,23,"화4,금4","화4,금4","화4,금4",일반과목,Y,2,,,,N,,,,
2016,1,경영경제학부,MEC20058,재무관리론,1,주간,전공선택,강성준,3,60,Y,NMH 106,78,"월3,목3","월3,목3","월3,목3",일반과목,Y,2,,,,N,,,,
2016,1,경영경제학부,MEC20059,조직행위론,2,주간,전공선택,Scott C. Lincoln,3,40,Y,NMH 106,22,"월5,목5","월5,목5","월5,목5",일반과목,Y,3,,,,N,,,,
2016,1,경영경제학부,MEC20059,조직행위론,3,주간,전공선택,Scott C. Lincoln,3,40,Y,NMH 106,37,"화5,금5","화5,금5","화5,금5",일반과목,Y,3,,,,N,,,,
2016,1,경영경제학부,MEC30003,국제경제학,1,주간,전공선택,안진원,3,40,Y,NMH 106,50,"화1,금1","화1,금1","화1,금1",일반과목,Y,2,,,,N,,,,
2016,1,경영경제학부,MEC30005,노동경제학,1,주간,전공선택,이종철,3,50,Y,NMH 106,46,"월6,목6","월6,목6","월6,목6",일반과목,Y,3,,,,N,,,,
2016,1,경영경제학부,MEC40055,국제경영학,1,주간,전공선택,Abraham Lee,3,40,Y,NMH 106,26,"월4,목4","월4,목4","월4,목4",일반과목,Y,4,,,,N,,,,
2016,1,Global EDISON Academy,GEA20057,창업을 위한 회계,1,주간,전공선택,이용,3,40,Y,NMH 107,23,"화4,금4","화4,금4","화4,금4",일반과목,Y,2,,,,N,,,,
2016,1,경영경제학부,MEC10001,경제학입문,3,주간,전공선택,안세일,3,80,Y,NMH 107,66,"화3,금3","화3,금3","화3,금3",일반과목,N,1,,,,N,,,W18,전공기초
2016,1,경영경제학부,MEC20005,경영경제통계,1,주간,전공선택,김우성,3,40,Y,NMH 107,68,"화1,금1","화1,금1","화1,금1",일반과목,Y,2,,,,N,,,,
2016,1,경영경제학부,MEC20005,경영경제통계,2,주간,전공선택,박우영,3,60,Y,NMH 107,44,"목8,목9","목8,목9","목8,목9",일반과목,N,2,,,,N,,,,
2016,1,경영경제학부,MEC20006,경제수학,1,주간,전공선택,이지웅,3,60,Y,NMH 107,41,"월8,월9","월8,월9","월8,월9",일반과목,N,2,,,,N,,,,
2016,1,경영경제학부,MEC20055,회계실무,1,주간,전공선택,성현모,3,60,Y,NMH 107,77,"월2,목2","월2,목2","월2,목2",일반과목,Y,2,,,,N,,,,
2016,1,경영경제학부,MEC20055,회계실무,2,주간,전공선택,라채원,3,40,Y,NMH 107,8,"월5,목5","월5,목5","월5,목5",일반과목,Y,2,,,,N,,1,,
2016,1,경영경제학부,MEC20055,회계실무,3,주간,전공선택,라채원,3,40,Y,NMH 107,35,"월6,목6","월6,목6","월6,목6",일반과목,N,2,,,,N,,,,
2016,1,경영경제학부,MEC30058,생산관리론,1,주간,전공선택,김대식,3,40,Y,NMH 107,48,"월4,목4","월4,목4","월4,목4",일반과목,Y,3,,,,N,,,,
2016,1,경영경제학부,MEC30066,원가관리회계,1,주간,전공선택,성현모,3,50,Y,NMH 107,53,"월1,목1","월1,목1","월1,목1",일반과목,Y,3,,,,N,,,,
2016,1,경영경제학부,MEC30072,소비자 행동론,1,주간,전공선택,이혜규,3,40,Y,NMH 107,57,"화2,금2","화2,금2","화2,금2",일반과목,Y,3,,,,N,,,,
2016,1,경영경제학부,MEC40006,기독교정신과 경제문제,1,주간,전공선택,이종철,3,50,Y,NMH 107,56,"월3,목3","월3,목3","월3,목3",일반과목,N,4,,,,N,,,,
2016,1,상담심리사회복지학부,CSW30019,집단상담,1,주간,전공선택,윤인,3,40,Y,NMH 107,35,"화5,화6","화5,화6","화5,화6",일반과목,N,3,,,,N,,,,
2016,1,콘텐츠융합디자인학부,IID30011,Digital Motion Graphic Design1,2,주간,전공선택,김성혜,3,30,Y,NMH 107,57,"수2,수3","수2,수3","수2,수3",일반과목,N,3,,,,N,,,,
2016,1,글로벌리더십학부,GCS10019,독일어 1,1,주간,교양선택,남중섭,3,25,Y,NMH 108,25,"월2,목2","월2,목2","월2,목2",일반과목,N,1,,,,N,"독일어 사용가능한 학생은 수강불가
",,W24,제2외국어
2016,1,글로벌리더십학부,GCS10037,중국어1,8,주간,교양선택,고미숙,3,25,Y,NMH 108,24,"화4,금4","화4,금4","화4,금4",일반과목,N,1,,,,N,,,W24,제2외국어
2016,1,글로벌리더십학부,GCS10037,중국어1,9,주간,교양선택,고미숙,3,25,Y,NMH 108,32,"화5,금5","화5,금5","화5,금5",일반과목,N,1,,,,N,,,W24,제2외국어
2016,1,글로벌리더십학부,GCS10037,중국어1,12,주간,교양선택,고미숙,3,25,Y,NMH 108,24,"화3,금3","화3,금3","화3,금3",일반과목,N,1,,,,,,,W24,제2외국어
2016,1,글로벌리더십학부,GEK10075,1학년 세미나,1,주간,교양선택필수,최혜봉,1,1,Y,NMH 108,40,목7,목7,목7,성적만P/F나감,N,1,,,,N,1학년 수강과목 / 주제 : ICT와 융합,,W56,융복합
2016,1,창의융합교육원,CCE20001,글로벌 i-융합 프로젝트-1,1,주간,전공선택,조대연외 2명,3,30,Y,NMH 108,8,"화6,화7","화6,화7","화6,화7",성적만P/F나감,N,2,CCE20001,1,D,,,1,,
2016,1,창의융합교육원,CCE30003,글로벌 i-융합 프로젝트-2,1,주간,자유선택,조대연외 2명,3,40,Y,NMH 108,2,"화6,화7","화6,화7","화6,화7",성적만P/F나감,N,3,CCE20001,1,C,,,1,,
2016,1,경영경제학부,MEC20054,마케팅관리론,1,주간,전공선택,유기선,3,40,Y,NMH 108,37,"화2,금2","화2,금2","화2,금2",일반과목,N,2,,,,N,,,,
2016,1,글로벌리더십학부,GCS10033,일본어1,2,주간,교양선택,김영미,3,25,Y,NMH 109,25,"화3,금3","화3,금3","화3,금3",일반과목,N,1,,,,N,,,W24,제2외국어
2016,1,글로벌리더십학부,GCS10033,일본어1,3,주간,교양선택,김영미,3,25,Y,NMH 109,25,"화5,금5","화5,금5","화5,금5",일반과목,N,1,,,,N,,,W24,제2외국어
2016,1,글로벌리더십학부,GCS10033,일본어1,4,주간,교양선택,Harada Masao,3,25,Y,NMH 109,16,"월4,목4","월4,목4","월4,목4",일반과목,N,1,,,,N,,,W24,제2외국어
2016,1,글로벌리더십학부,GCS10034,일본어2,1,주간,교양선택,Harada Masao,3,25,Y,NMH 109,13,"월5,목5","월5,목5","월5,목5",일반과목,N,1,,,,N,,1,W24,제2외국어
2016,1,글로벌리더십학부,GEK20051,Mission Perspective,2,주간,교양선택필수,이경원,2,40,Y,NMH 109,25,"수3,수4","수3,수4","수3,수4",일반과목,Y,1,,,,N,100분 수업임,,W08,세계관1
2016,1,경영경제학부,MEC20059,조직행위론,1,주간,전공선택,이유진,3,40,Y,NMH 109,40,"월3,목3","월3,목3","월3,목3",일반과목,N,3,,,,N,,,,
2016,1,경영경제학부,MEC30052,경영전략 및 사례,1,주간,전공선택,조대연,3,40,Y,NMH 109,37,"월2,목2","월2,목2","월2,목2",일반과목,N,3,,,,N,,,,
2016,1,경영경제학부,MEC30068,중급재무회계1,2,주간,전공선택,이용,3,40,Y,NMH 109,35,"화2,금2","화2,금2","화2,금2",일반과목,Y,3,,,,N,,,,
2016,1,생명과학부,BFT40002,세미나 4,1,주간,전공필수,송성규,1,20,Y,NMH 109,19,수2,수2,수2,일반과목,Y,4,,,,N,,,,
2016,1,콘텐츠융합디자인학부,IID20006,시각디자인기초,1,주간,전공선택,이중섭,3,30,Y,NMH 202,37,"목2,목3","목2,목3","목2,목3",일반과목,Y,2,,,,N,,,,
2016,1,콘텐츠융합디자인학부,IID20006,시각디자인기초,2,주간,전공선택,이중섭,3,30,Y,NMH 202,38,"금2,금3","금2,금3","금2,금3",일반과목,Y,2,,,,N,,,,
2016,1,콘텐츠융합디자인학부,IID20006,시각디자인기초,3,주간,전공선택,이중섭,3,30,Y,NMH 202,36,"금5,금6","금5,금6","금5,금6",일반과목,Y,2,,,,N,,,,
2016,1,콘텐츠융합디자인학부,IID30078,디자인 리서치 & 기획 1,1,주간,전공선택,강명지,3,30,Y,NMH 202,13,"수2,수3","수2,수3","수2,수3",일반과목,N,3,,,,N,,1,,
2016,1,콘텐츠융합디자인학부,IID30086,Graphic & Advertisement Design 1,1,주간,전공선택,이진구,3,30,Y,NMH 202,29,"화2,화3","화2,화3","화2,화3",일반과목,N,3,,,,N,,,,
2016,1,콘텐츠융합디자인학부,IID30086,Graphic & Advertisement Design 1,2,주간,전공선택,이진구,3,30,Y,NMH 202,30,"화5,화6","화5,화6","화5,화6",일반과목,N,3,,,,N,,,,
2016,1,콘텐츠융합디자인학부,IID30086,Graphic & Advertisement Design 1,3,주간,전공선택,이진구,3,20,Y,NMH 202,20,"화7,화8","화7,화8","화7,화8",일반과목,N,3,,,,,,,,
2016,1,콘텐츠융합디자인학부,IID40067,Capstone Design1 (시각 off-line),1,주간,전공선택,이진구,3,20,Y,NMH 202,18,"월1,월2","월1,월2","월1,월2",일반과목,N,4,,,,N,,,,
2016,1,콘텐츠융합디자인학부,IID40067,Capstone Design1 (시각 off-line),2,주간,전공선택,이진구,3,20,Y,NMH 202,20,"월4,월5","월4,월5","월4,월5",일반과목,N,4,,,,N,,,,
2016,1,콘텐츠융합디자인학부,IID40067,Capstone Design1 (시각 off-line),3,주간,전공선택,이진구,3,20,Y,NMH 202,18,"월6,월7","월6,월7","월6,월7",일반과목,N,4,,,,N,,,,
2016,1,콘텐츠융합디자인학부,IID40070,Capstone Design 1(제품 및 서비스디자인),2,주간,전공선택,최인욱,3,20,Y,NMH 202,14,"수8,수9","수8,수9","수8,수9",일반과목,N,4,,,,N,,,,
2016,1,콘텐츠융합디자인학부,IID40078,Capston Design1 시각 (graphic service design),2,주간,전공선택,이재선,2,30,Y,NMH 202,31,"목5,목6","목5,목6","목5,목6",일반과목,N,4,,,,N,,,,
2016,1,콘텐츠융합디자인학부,IID10004,드로잉기초 1,1,주간,교양선택,김공웅,3,30,Y,NMH 204,29,"목2,목3","목2,목3","목2,목3",성적만P/F나감,N,1,,,,N,,,W18,전공기초
2016,1,콘텐츠융합디자인학부,IID10004,드로잉기초 1,2,주간,교양선택,김공웅,3,30,Y,NMH 204,27,"목5,목6","목5,목6","목5,목6",성적만P/F나감,N,1,,,,N,,,W18,전공기초
2016,1,콘텐츠융합디자인학부,IID10004,드로잉기초 1,3,주간,교양선택,김공웅,3,30,Y,NMH 204,28,"금2,금3","금2,금3","금2,금3",성적만P/F나감,N,1,,,,N,,,W18,전공기초
2016,1,콘텐츠융합디자인학부,IID20013,Typography Design 1,2,주간,전공필수,이재선,3,30,Y,NMH 204,35,"화2,화3","화2,화3","화2,화3",일반과목,Y,2,,,,N,,,,
2016,1,콘텐츠융합디자인학부,IID20013,Typography Design 1,3,주간,전공필수,이재선,3,30,Y,NMH 204,38,"화5,화6","화5,화6","화5,화6",일반과목,Y,2,,,,N,,,,
2016,1,콘텐츠융합디자인학부,IID20061,제품디자인기초1,1,주간,전공필수,조원철,3,30,Y,NMH 204,36,"월2,월3","월2,월3","월2,월3",일반과목,N,2,,,,N,,,,
2016,1,콘텐츠융합디자인학부,IID20061,제품디자인기초1,2,주간,전공필수,조원철,3,30,Y,NMH 204,30,"월6,월7","월6,월7","월6,월7",일반과목,N,2,,,,N,,,,
2016,1,콘텐츠융합디자인학부,IID30076,Advanced Editorial Design,1,주간,전공선택,이재선,3,30,Y,NMH 204,17,"수2,수3","수2,수3","수2,수3",일반과목,N,3,,,,N,,,,
2016,1,콘텐츠융합디자인학부,IID40071,제품 및 서비스 디자인 기획,2,주간,전공필수,최인욱,3,20,Y,NMH 204,14,"화7,화8","화7,화8","화7,화8",일반과목,N,4,,,,N,,,,
2016,1,콘텐츠융합디자인학부,IID30011,Digital Motion Graphic Design1,1,주간,전공선택,김성혜,3,30,Y,NMH 205B,32,"화2,화3","화2,화3","화2,화3",일반과목,N,3,,,,N,,,,
2016,1,콘텐츠융합디자인학부,IID30080,Graphic User Interface Design,1,주간,전공선택,신원석,3,30,Y,NMH 205B,24,"금5,금6","금5,금6","금5,금6",일반과목,N,3,,,,N,,,,
2016,1,콘텐츠융합디자인학부,IID30082,브랜드디자인 방법론,1,주간,전공선택,이중섭,3,30,Y,NMH 205B,12,"화5,화6","화5,화6","화5,화6",일반과목,Y,3,,,,N,,,,
2016,1,콘텐츠융합디자인학부,IID40066,캡스톤디자인1(시각-온라인),1,주간,전공선택,김성혜,2,15,Y,NMH 205B,28,"월6,월7","월6,월7","월6,월7",일반과목,N,4,,,,N,,,,
2016,1,콘텐츠융합디자인학부,IID40066,캡스톤디자인1(시각-온라인),2,주간,전공선택,김성혜,2,15,Y,NMH 205B,26,"목2,목3","목2,목3","목2,목3",일반과목,N,4,,,,N,,,,
2016,1,상담심리사회복지학부,CSW20012,성격심리학,1,주간,전공선택,가요한,3,60,Y,NMH 207,60,"화2,금2","화2,금2","화2,금2",일반과목,Y,2,,,,N,,,,
2016,1,상담심리사회복지학부,CSW20012,성격심리학,2,주간,전공선택,가요한,3,60,Y,NMH 207,60,"화3,금3","화3,금3","화3,금3",일반과목,Y,2,,,,N,,,,
2016,1,상담심리사회복지학부,CSW30009,심리평가,1,주간,전공필수,이은경,3,50,Y,NMH 207,40,"월2,월3","월2,월3","월2,월3",일반과목,N,3,,,,N,,,,
2016,1,상담심리사회복지학부,CSW30009,심리평가,3,주간,전공필수,라영안,3,50,Y,NMH 207,18,"화1,금1","화1,금1","화1,금1",일반과목,Y,3,,,,,,,,
2016,1,상담심리사회복지학부,CSW30012,아동청소년상담,1,주간,전공선택,이윤희,3,60,Y,NMH 207,60,"화5,금5","화5,금5","화5,금5",일반과목,N,3,,,,N,,,,
2016,1,상담심리사회복지학부,CSW30017,사회심리학,1,주간,전공선택,Lantinga Sherri brenda,3,60,Y,NMH 207,43,"월1,목1","월1,목1","월1,목1",일반과목,Y,2,,,,N,,,,
2016,1,상담심리사회복지학부,CSW30025,심리사회통계학,1,주간,전공필수,이혜주,3,60,Y,NMH 207,59,"월4,목4","월4,목4","월4,목4",일반과목,Y,3,,,,N,,,,
2016,1,상담심리사회복지학부,CSW30026,Research Design and Methods,1,주간,전공선택,이혜주,3,60,Y,NMH 207,18,"월5,목5","월5,목5","월5,목5",일반과목,Y,3,,,,N,,,,
2016,1,상담심리사회복지학부,CSW30026,Research Design and Methods,2,주간,전공필수,이윤희,3,60,Y,NMH 207,16,"화4,금4","화4,금4","화4,금4",일반과목,N,3,,,,N,,,,
2016,1,상담심리사회복지학부,CSW40054,고급현장실습,1,주간,전공선택,김혜정,3,0,Y,NMH 207,,"월8,목8","월8,목8","월8,목8",성적만P/F나감,N,4,,,,N,,,,
2016,1,상담심리사회복지학부,CSW40054,고급현장실습,3,주간,전공선택,황혜리,3,0,Y,NMH 207,,"월7,목7","월7,목7","월7,목7",성적만P/F나감,N,4,,,,N,,,,
2016,1,상담심리사회복지학부,CSW40084,노인복지론,1,주간,전공선택,김경희,3,60,Y,NMH 207,24,"수2,수3","수2,수3","수2,수3",일반과목,N,4,,,,N,,,,
2016,1,콘텐츠융합디자인학부,IID20014,Digital Photography,1,주간,전공선택,홍승표,3,25,Y,NMH 208,24,"수1,수2","수1,수2","수1,수2",일반과목,N,2,,,,N,,,,
2016,1,콘텐츠융합디자인학부,IID20014,Digital Photography,2,주간,전공선택,홍승표,3,25,Y,NMH 208,23,"수3,수4","수3,수4","수3,수4",일반과목,N,2,,,,N,,,,
2016,1,콘텐츠융합디자인학부,IID20016,아이디어 발상법,1,주간,전공필수,신원석,3,30,Y,NMH 208,31,"금2,금3","금2,금3","금2,금3",일반과목,N,2,,,,N,,,,
2016,1,콘텐츠융합디자인학부,IID20016,아이디어 발상법,2,주간,전공필수,신원석외 1명,3,30,Y,NMH 208,32,"목3,목4","목3,목4","목3,목4",일반과목,N,2,,,,N,,,,
2016,1,콘텐츠융합디자인학부,IID20016,아이디어 발상법,3,주간,전공필수,신원석외 1명,3,30,Y,NMH 208,34,"목5,목6","목5,목6","목5,목6",일반과목,N,2,,,,N,,,,
2016,1,콘텐츠융합디자인학부,IID20059,Presentation Technique 1,1,주간,전공필수,김승준,3,25,Y,NMH 208,25,"화1,화2","화1,화2","화1,화2",일반과목,Y,2,,,,N,,,,
2016,1,콘텐츠융합디자인학부,IID20059,Presentation Technique 1,2,주간,전공필수,김승준,3,25,Y,NMH 208,25,"화4,화5","화4,화5","화4,화5",일반과목,Y,2,,,,N,,,,
2016,1,콘텐츠융합디자인학부,IID20059,Presentation Technique 1,3,주간,전공필수,김승준,3,25,Y,NMH 208,25,"화6,화7","화6,화7","화6,화7",일반과목,Y,2,,,,N,,,,
2016,1,콘텐츠융합디자인학부,IID20061,제품디자인기초1,3,주간,전공필수,김승준,3,30,Y,NMH 208,30,"월5,월6","월5,월6","월5,월6",일반과목,Y,2,,,,N,,,,
2016,1,콘텐츠융합디자인학부,IID30071,Design Studio 1,2,주간,전공선택,김승준,3,25,Y,NMH 208,20,"월2,월3","월2,월3","월2,월3",성적만P/F나감,Y,3,,,,N,,,,
2016,1,콘텐츠융합디자인학부,IID40070,Capstone Design 1(제품 및 서비스디자인),1,주간,전공선택,조원철,3,20,Y,NMH 208,10,"금4,금5","금4,금5","금4,금5",일반과목,N,4,,,,N,,,,
2016,1,글로벌리더십학부,GCS10061,한문,1,주간,교양선택필수,이지락,3,60,Y,NMH 307,15,"월5,월6","월5,월6","월5,월6",일반과목,N,1,,,,N,,,W55,소통
2016,1,글로벌리더십학부,GEK10041,심리학개론,3,주간,교양선택,이종환,3,60,Y,NMH 307,53,"목5,목6","목5,목6","목5,목6",일반과목,N,1,,,,N,,,W18,전공기초
2016,1,글로벌리더십학부,GEK10059,환경과 인간,2,주간,교양선택필수,도형기,3,60,Y,NMH 307,60,"월7,목7","월7,목7","월7,목7",일반과목,N,1,,,,,,,W56,융복합
2016,1,경영경제학부,MEC30053,경영과학,1,주간,전공선택,김우성,3,40,Y,NMH 307,38,"화5,금5","화5,금5","화5,금5",일반과목,Y,3,,,,N,,,,
2016,1,경영경제학부,MEC30057,고급회계,1,주간,전공선택,라채원,3,40,Y,NMH 307,11,"월1,목1","월1,목1","월1,목1",일반과목,N,3,,,,N,,,,
2016,1,경영경제학부,MEC30068,중급재무회계1,1,주간,전공선택,라채원,3,40,Y,NMH 307,38,"월2,목2","월2,목2","월2,목2",일반과목,N,3,,,,N,,,,
2016,1,생명과학부,BFT30001,생화학 2,1,주간,전공필수,김아람외 4명,3,74,Y,NMH 307,72,"화2,금2","화2,금2","화2,금2",일반과목,N,3,,,,N,,,,
2016,1,생명과학부,BFT30004,세미나 2,1,주간,전공필수,신현길,1,21,Y,NMH 307,21,수2,수2,수2,일반과목,Y,3,,,,N,,,,
2016,1,생명과학부,BFT30010,단백질분리 및 정제,1,주간,전공필수,현창기,1,25,Y,NMH 307,28,"월8,목8","월8,목8","월8,목8",일반과목,N,3,,,,N,,,,
2016,1,생명과학부,BFT30010,단백질분리 및 정제,2,주간,전공필수,현창기,1,25,Y,NMH 307,21,"화9,금9","화9,금9","화9,금9",일반과목,N,3,,,,N,,,,
2016,1,생명과학부,BFT30013,실험기기분석,1,주간,전공선택,곽진환,1,20,Y,NMH 307,30,수8,수8,수8,일반과목,N,3,,,,N,,,,
2016,1,생명과학부,BFT30013,실험기기분석,2,주간,전공선택,곽진환,1,20,Y,NMH 307,21,수9,수9,수9,일반과목,N,3,,,,N,,,,
2016,1,생명과학부,BFT30016,생리학,1,주간,전공선택,서병선외 1명,3,50,Y,NMH 307,54,"화3,금3","화3,금3","화3,금3",일반과목,Y,3,,,,N,,,,
2016,1,생명과학부,BFT40001,면역학,1,주간,전공필수,송성규,3,50,Y,NMH 307,31,"월3,목3","월3,목3","월3,목3",일반과목,Y,4,,,,N,,,,
2016,1,생명과학부,BFT40052,식품가공실습,1,주간,전공선택,신현길,1,40,Y,NMH 307,33,"화8,금8","화8,금8","화8,금8",일반과목,N,4,,,,N,,,,
2016,1,국제어문학부,ISE20081,중동사회의 이해,1,주간,전공선택,김민정,3,40,Y,NMH 309,40,"금4,금5","금4,금5","금4,금5",일반과목,N,2,,,,N,,,,
2016,1,국제어문학부,ISE30093,Themes in Poetry,1,주간,전공선택,장성진,3,40,Y,NMH 309,9,"금2,금3","금2,금3","금2,금3",일반과목,N,3,,,,N,,1,,
2016,1,경영경제학부,MEC20002,거시경제학,1,주간,전공선택,정희택,3,40,Y,NMH 309,43,"월3,목3","월3,목3","월3,목3",일반과목,N,2,,,,N,,,,
2016,1,경영경제학부,MEC30006,계량경제학,1,주간,전공선택,정희택,3,40,Y,NMH 309,30,"월2,목2","월2,목2","월2,목2",일반과목,Y,3,,,,N,,,,
2016,1,생명과학부,BFT30004,세미나 2,2,주간,전공필수,서병선,1,20,Y,NMH 309,20,수2,수2,수2,일반과목,Y,3,,,,N,,,,
2016,1,생명과학부,BFT40051,식품가공학,1,주간,전공선택,신현길외 1명,3,30,Y,NMH 309,7,"월5,목5","월5,목5","월5,목5",일반과목,N,4,,,,N,,,,
2016,1,콘텐츠융합디자인학부,IID20013,Typography Design 1,1,주간,전공필수,이재선,3,30,Y,NMH 309,36,"월6,월7","월6,월7","월6,월7",일반과목,Y,2,,,,N,,,,
2016,1,콘텐츠융합디자인학부,IID30020,디자인과 신앙,1,주간,전공선택,조원철,2,30,Y,NMH 309,12,화2,화2,화2,성적만P/F나감,N,3,,,,N,,,,
2016,1,콘텐츠융합디자인학부,IID40071,제품 및 서비스 디자인 기획,1,주간,전공선택,조원철,3,20,Y,NMH 309,10,"화5,화6","화5,화6","화5,화6",일반과목,N,4,,,,N,,,,
2016,1,경영경제학부,MEC40010,글로벌 경제 세미나,1,주간,전공선택,강사웅,3,40,Y,NMH 310,15,"화2,금2","화2,금2","화2,금2",일반과목,N,4,,,,N,,,,
2016,1,생명과학부,BFT30004,세미나 2,3,주간,전공필수,김아람,1,20,Y,NMH 310,10,수2,수2,수2,일반과목,Y,3,,,,N,,,,
2016,1,생명과학부,BFT30020,식품화학및영양,1,주간,전공선택,도형기외 1명,3,40,Y,NMH 310,33,"월6,목6","월6,목6","월6,목6",일반과목,N,3,,,,N,,,,
2016,1,생명과학부,BFT30027,항생물질학,1,주간,전공선택,곽진환,3,40,Y,NMH 310,37,"월5,목5","월5,목5","월5,목5",일반과목,N,3,,,,N,,,,
2016,1,생명과학부,BFT30057,시스템생물학,1,주간,전공선택,김아람,3,30,Y,NMH 310,19,"화4,금4","화4,금4","화4,금4",일반과목,Y,3,,,,N,,,,
2016,1,생명과학부,BFT40012,유전학,1,주간,전공선택,도명술외 1명,3,40,Y,NMH 310,38,"월4,목4","월4,목4","월4,목4",일반과목,Y,4,,,,N,,,,
2016,1,생명과학부,BFT40013,분자생물학2,1,주간,전공선택,곽진환외 1명,3,50,Y,NMH 310,29,"화5,금5","화5,금5","화5,금5",일반과목,N,4,,,,N,,,,
2016,1,생명과학부,BFT40055,생명과학 캡스톤 설계 2,1,주간,전공선택,김아람외 4명,3,30,Y,NMH 310,17,"월10,화10,목10,금10","월10,화10,목10,금10","월10,화10,목10,금10",성적만P/F나감,N,4,,,,,,,,
2016,1,콘텐츠융합디자인학부,IID40078,Capston Design1 시각 (graphic service design),1,주간,전공선택,이재선,2,30,Y,NMH 310,24,"목2,목3","목2,목3","목2,목3",일반과목,N,4,,,,N,,,,
2016,1,글로벌리더십학부,GCS10027,스페인어1,1,주간,교양선택,박효영,3,25,Y,NMH 402,32,"화1,금1","화1,금1","화1,금1",일반과목,N,1,,,,N,,,W24,제2외국어
2016,1,글로벌리더십학부,GCS10027,스페인어1,2,주간,교양선택,박효영,3,25,Y,NMH 402,26,"화2,금2","화2,금2","화2,금2",일반과목,N,1,,,,N,,,W24,제2외국어
2016,1,글로벌리더십학부,GCS10028,스페인어2,1,주간,교양선택,박효영,3,25,Y,NMH 402,16,"화3,금3","화3,금3","화3,금3",일반과목,N,1,,,,N,,,W24,제2외국어
2016,1,글로벌리더십학부,GEK10089,외국인을 위한 한국 언어와 문화,1,주간,교양선택필수,조정수,3,40,Y,NMH 402,14,"목5,목6","목5,목6","목5,목6",일반과목,Y,1,,,,N,"재외, foreign students only",1,W27,인문학
2016,1,글로벌리더십학부,GEK10089,외국인을 위한 한국 언어와 문화,2,주간,교양선택필수,조정수,3,40,Y,NMH 402,17,"금5,금6","금5,금6","금5,금6",일반과목,Y,1,,,,N,"재외, foreign students only",1,W27,인문학
2016,1,글로벌리더십학부,GEK20028,인간관계와자기성장,3,주간,교양선택,이영희,3,40,Y,NMH 402,40,"화4,화5","화4,화5","화4,화5",성적만P/F나감,N,1,,,,N,,,W30,리더십및문제해결
2016,1,언론정보문화학부,CCC30081,공연제작기획,1,주간,전공선택,김현중,3,40,Y,NMH 402,36,"월5,월6","월5,월6","월5,월6",일반과목,N,3,,,,N,,,,
2016,1,언론정보문화학부,CCC40046,매스미디어 연구,1,주간,전공선택,주재원,3,30,Y,NMH 402,26,"월2,목2","월2,목2","월2,목2",일반과목,Y,4,,,,N,,,,
2016,1,상담심리사회복지학부,CSW20012,성격심리학,3,주간,전공선택,이종환,3,40,Y,NMH 402,45,"목3,목4","목3,목4","목3,목4",일반과목,N,2,,,,N,,,,
2016,1,글로벌리더십학부,GEK10057,일반생물학,3,주간,교양선택필수,WilhelmHolzapfel,3,60,Y,NMH 403,76,"월2,목2","월2,목2","월2,목2",일반과목,Y,1,,,,N,,,W29,자연과학
2016,1,글로벌리더십학부,GEK10059,환경과 인간,3,주간,교양선택필수,김주일외 1명,3,50,Y,NMH 403,51,"월3,목3","월3,목3","월3,목3",일반과목,N,1,,,,N,,,W56,융복합
2016,1,글로벌리더십학부,GEK20058,성경의 이해,4,주간,교양선택필수,김완진,2,65,Y,NMH 403,70,"화2,금2","화2,금2","화2,금2",성적만P/F나감,N,2,,,,N,"1학년 우선 수강, 토레이 RC 분반",,W34,기독교신앙기초1
2016,1,글로벌리더십학부,GEK20058,성경의 이해,5,주간,교양선택필수,김완진,2,65,Y,NMH 403,68,"화3,금3","화3,금3","화3,금3",일반과목,N,2,,,,N,"1학년 우선 수강, 토레이 RC 분반",,W34,기독교신앙기초1
2016,1,글로벌리더십학부,GEK20058,성경의 이해,6,주간,교양선택필수,김완진,2,65,Y,NMH 403,65,"화4,금4","화4,금4","화4,금4",일반과목,N,2,,,,N,"1학년 우선 수강, 토레이 RC 분반",,W34,기독교신앙기초1
2016,1,글로벌리더십학부,GEK20059,기독교의 이해,1,주간,교양선택필수,김형겸,2,65,Y,NMH 403,80,"월5,목5","월5,목5","월5,목5",성적만P/F나감,N,2,,,,,"1학년 우선 수강, 손양원 RC 분반 권장",,W35,기독교신앙기초2
2016,1,글로벌리더십학부,GEK20062,기독교 변증학,1,주간,교양선택필수,김형겸,3,75,Y,NMH 403,80,"월6,목6","월6,목6","월6,목6",성적만P/F나감,N,2,,,,N,,,W09,세계관2
2016,1,글로벌리더십학부,GEK20062,기독교 변증학,3,주간,교양선택필수,김형겸,3,75,Y,NMH 403,75,"월7,목7","월7,목7","월7,목7",성적만P/F나감,N,2,,,,,,,W09,세계관2
2016,1,글로벌리더십학부,GEK20063,성경과 삶,1,주간,교양선택필수,김형겸,2,65,Y,NMH 403,44,"월4,목4","월4,목4","월4,목4",성적만P/F나감,N,2,,,,N,"1학년 우선 수강, 손양원 RC 분반",,W34,기독교신앙기초1
2016,1,글로벌리더십학부,GEK40091,교양특론2,2,주간,교양선택,김순권,3,60,Y,NMH 403,67,"수2,수3","수2,수3","수2,수3",일반과목,Y,4,,,,N,주제 : you can change the world,,W60,특론및개별연구
2016,1,글로벌리더십학부,GEK10011,창조와 진화,3,주간,교양선택필수,WilhelmHolzapfel,2,60,Y,NMH 404,62,"수3,수4","수3,수4","수3,수4",일반과목,Y,1,,,,N,100분 수업임(11:30~13:10),,W08,세계관1
2016,1,글로벌리더십학부,GEK10055,물리학 1,3,주간,교양선택필수,유태준,3,60,Y,NMH 404,61,"월2,목2","월2,목2","월2,목2",일반과목,N,1,,,,N,1학년 우선수강,,W29,자연과학
2016,1,글로벌리더십학부,GEK10088,서양의 역사와 문화,1,주간,교양선택필수,남철호,3,60,Y,NMH 404,58,"화4,화5","화4,화5","화4,화5",일반과목,N,1,,,,N,,,W27,인문학
2016,1,글로벌리더십학부,GEK10088,서양의 역사와 문화,2,주간,교양선택필수,남철호,3,60,Y,NMH 404,61,"화6,화7","화6,화7","화6,화7",일반과목,N,1,,,,N,,,W27,인문학
2016,1,글로벌리더십학부,GEK20016,신앙특론,1,주간,교양선택필수,최정훈,3,70,Y,NMH 404,90,"월3,목3","월3,목3","월3,목3",성적만P/F나감,N,1,,,,N,영성과 정체성,,W09,세계관2
2016,1,글로벌리더십학부,GEK20058,성경의 이해,10,주간,교양선택필수,Gregory T. Brown,2,65,Y,NMH 404,26,"월6,목6","월6,목6","월6,목6",일반과목,Y,2,,,,N,"1학년 우선 수강, Carmichael College RC 분반",,W34,기독교신앙기초1
2016,1,글로벌리더십학부,GEK20063,성경과 삶,2,주간,교양선택필수,최정훈,2,65,Y,NMH 404,34,"월4,목4","월4,목4","월4,목4",일반과목,N,2,,,,N,"1학년 우선 수강, 카이퍼 RC 분반",,W34,기독교신앙기초1
2016,1,글로벌리더십학부,GEK20063,성경과 삶,3,주간,교양선택필수,이경원,2,65,Y,NMH 404,64,"화2,금2","화2,금2","화2,금2",성적만P/F나감,N,2,,,,N,1학년 우선 수강,,W34,기독교신앙기초1
2016,1,글로벌리더십학부,GEK20063,성경과 삶,4,주간,교양선택필수,이경원,2,65,Y,NMH 404,34,"화3,금3","화3,금3","화3,금3",성적만P/F나감,N,2,,,,N,1학년 우선 수강,,W34,기독교신앙기초1
2016,1,언론정보문화학부,CCC20020,커뮤니케이션 이론,1,주간,전공선택,주재원,3,40,Y,NMH 405,40,"월3,목3","월3,목3","월3,목3",일반과목,Y,2,,,,N,,,,
2016,1,언론정보문화학부,CCC20053,현대사회와대중매체,1,주간,전공선택,장규열,3,40,Y,NMH 405,42,"화2,금2","화2,금2","화2,금2",일반과목,Y,1,,,,N,,,W18,전공기초
2016,1,언론정보문화학부,CCC20056,문화콘텐츠 세미나1,1,주간,전공선택,강두필,3,30,Y,NMH 405,29,"월2,목2","월2,목2","월2,목2",일반과목,N,2,,,,N,,,,
2016,1,언론정보문화학부,CCC20064,방송학개론,1,주간,전공선택,장규열,3,40,Y,NMH 405,46,"화4,금4","화4,금4","화4,금4",일반과목,N,2,,,,N,,,,
2016,1,언론정보문화학부,CCC20065,광고론,1,주간,전공선택,강두필,3,50,Y,NMH 405,37,"월1,목1","월1,목1","월1,목1",일반과목,N,2,,,,N,,,,
2016,1,언론정보문화학부,CCC20074,영상제작실습1,1,주간,전공선택,하민호,3,20,Y,NMH 405,25,"목6,목7","목6,목7","목6,목7",일반과목,N,2,,,,N,,,,
2016,1,언론정보문화학부,CCC20076,영상제작기초,1,주간,전공선택,강두필,3,0,Y,NMH 405,19,"목8,목9","목8,목9","목8,목9",일반과목,N,2,,,,N,,,,
2016,1,언론정보문화학부,CCC20092,드라마작법기초,1,주간,전공선택,이문원,3,25,Y,NMH 405,28,"월4,목4","월4,목4","월4,목4",일반과목,N,2,,,,N,,,,
2016,1,언론정보문화학부,CCC30053,광고/홍보 미디어플래닝,1,주간,전공선택,장규열,3,25,Y,NMH 405,25,"화6,금6","화6,금6","화6,금6",일반과목,N,3,,,,N,,,,
2016,1,언론정보문화학부,CCC30057,문화간 커뮤니케이션,1,주간,전공선택,신우열,3,30,Y,NMH 405,25,"화8,화9","화8,화9","화8,화9",일반과목,Y,3,,,,N,,,,
2016,1,언론정보문화학부,CCC40050,문화의 사회사,1,주간,전공선택,신순철,3,20,Y,NMH 405,11,"화3,금3","화3,금3","화3,금3",일반과목,N,4,,,,N,,,,
2016,1,언론정보문화학부,CCC40073,영화워크샵 캡스톤 디자인,1,주간,전공선택,하민호,3,20,Y,NMH 405,14,"수8,수9","수8,수9","수8,수9",일반과목,Y,4,,,,N,,,,
2016,1,언론정보문화학부,CCC40081,공연예술세미나,1,주간,전공선택,이문원,3,25,Y,NMH 405,19,"월5,목5","월5,목5","월5,목5",일반과목,N,4,,,,N,,,,
2016,1,언론정보문화학부,CCC40084,커뮤니케이션 세미나,1,주간,전공선택,주재원,3,30,Y,NMH 405,25,"수2,수3","수2,수3","수2,수3",일반과목,N,4,,,,N,,,,
2016,1,언론정보문화학부,CCC30083,연극제작,1,주간,전공선택,이문원,3,25,Y,NMH 406,12,"화6,화7","화6,화7","화6,화7",일반과목,N,3,,,,N,,,,
2016,1,언론정보문화학부,CCC30094,연기연출워크샵,1,주간,전공선택,최종률,3,25,Y,NMH 406,29,"화4,화5","화4,화5","화4,화5",일반과목,N,3,,,,N,,,,
2016,1,글로벌리더십학부,ENG20022,일반화학,1,주간,교양선택필수,황철원,3,0,Y,NMH 410A,15,"화6,금6","화6,금6","화6,금6",일반과목,N,1,GEK10058,1,C,N,고등학교 때 화학을 배우지 않은 학생들 우선수강,,W29,자연과학
2016,1,글로벌리더십학부,GCS10003,앱 프로그래밍,1,주간,교양선택필수,김상환,3,50,Y,NMH 410A,62,"월2,목2","월2,목2","월2,목2",일반과목,Y,1,,,,N,전학년 동시 수강신청. 해외학생 우선수강. 노트북 지참 요,,W58,프로그래밍기초
2016,1,글로벌리더십학부,GCS10004,파이썬 프로그래밍,1,주간,교양선택필수,최혜봉,3,50,Y,NMH 410A,58,"월4,목4","월4,목4","월4,목4",일반과목,Y,1,,,,N,전학년 동시 수강신청. 해외학생 우선수강. 노트북 지참 요,,W58,프로그래밍기초
2016,1,글로벌리더십학부,GCS10061,한문,2,주간,교양선택필수,이지락,3,60,Y,NMH 410A,18,"화4,금4","화4,금4","화4,금4",일반과목,N,1,,,,N,,,W55,소통
2016,1,글로벌리더십학부,GCS10061,한문,3,주간,교양선택필수,이지락,3,60,Y,NMH 410A,14,"화5,금5","화5,금5","화5,금5",일반과목,N,1,,,,N,,,W55,소통
2016,1,글로벌리더십학부,GEK10022,수화1,1,주간,교양선택,이지영,2,40,Y,NMH 410A,41,"월5,목5","월5,목5","월5,목5",성적만P/F나감,N,1,,,,N,,,W30,리더십및문제해결
2016,1,글로벌리더십학부,GEK10041,심리학개론,2,주간,교양선택,이혜주,3,60,Y,NMH 410A,57,"월6,목6","월6,목6","월6,목6",일반과목,Y,1,,,,N,,,W18,전공기초
2016,1,글로벌리더십학부,GEK10058,일반화학,1,주간,교양선택필수,황철원,3,0,Y,NMH 410A,54,"화6,금6","화6,금6","화6,금6",일반과목,N,1,GEK10058,1,D,N,고등학교 때 화학을 배우지 않은 학생들 우선수강,,W29,자연과학
2016,1,글로벌리더십학부,GEK10059,환경과 인간,1,주간,교양선택필수,황철원,3,60,Y,NMH 410A,60,"화2,금2","화2,금2","화2,금2",일반과목,N,1,,,,N,,,W56,융복합
2016,1,글로벌리더십학부,GEK10060,식품과 건강,1,주간,교양선택필수,신현길외 1명,3,60,Y,NMH 410A,27,"월3,목3","월3,목3","월3,목3",일반과목,N,1,,,,N,,,W56,융복합
2016,1,글로벌리더십학부,GEK10070,생활속의 생명과학,1,주간,교양선택필수,황철원,3,60,Y,NMH 410A,60,"화3,금3","화3,금3","화3,금3",일반과목,N,1,,,,N,,,W29,자연과학
2016,1,생명과학부,BFT30055,응용미생물학 실습,1,주간,전공선택,도형기,1,40,Y,NMH 410A,15,"월9,목9","월9,목9","월9,목9",일반과목,N,3,,,,N,,,,
2016,1,생명과학부,BFT40005,면역학 실습,1,주간,전공필수,송성규,1,20,Y,NMH 410A,20,"월8,목8","월8,목8","월8,목8",일반과목,N,4,,,,N,,,,
2016,1,생명과학부,BFT40005,면역학 실습,2,주간,전공필수,송성규,1,20,Y,NMH 410A,15,"화9,금9","화9,금9","화9,금9",일반과목,N,4,,,,N,,,,
2016,1,글로벌리더십학부,GEK10022,수화1,2,주간,교양선택,이지영,2,40,Y,NMH 410B,40,"월6,목6","월6,목6","월6,목6",성적만P/F나감,N,1,,,,N,,,W30,리더십및문제해결
2016,1,글로벌리더십학부,GEK10035,한국사(근현대사),1,주간,교양선택필수,정성일,3,60,Y,NMH 410B,33,"목2,목3","목2,목3","목2,목3",일반과목,Y,1,,,,,,,W27,인문학
2016,1,글로벌리더십학부,GEK10040,사회학개론,1,주간,교양선택필수,정태식,3,60,Y,NMH 410B,45,"월1,월2","월1,월2","월1,월2",일반과목,N,1,,,,N,,,W28,사회과학
2016,1,글로벌리더십학부,GEK10040,사회학개론,2,주간,교양선택필수,정태식,3,60,Y,NMH 410B,57,"월3,월4","월3,월4","월3,월4",일반과목,Y,1,,,,N,,,W28,사회과학
2016,1,글로벌리더십학부,GEK10058,일반화학,2,주간,교양선택필수,장태현,3,60,Y,NMH 410B,24,"월5,목5","월5,목5","월5,목5",일반과목,Y,1,,,,N,"
고등학교 때 화학을 배운 학생들 우선수강",,W29,자연과학
2016,1,Global EDISON Academy,GEA20004,Techno Entrepreneurial Practicum II,1,주간,전공필수,유인철,2,40,Y,NMH 410B,18,"금4,금5","금4,금5","금4,금5",일반과목,N,2,,,,N,,,,
2016,1,언론정보문화학부,CCC30035,사이버문화론,1,주간,전공선택,신순철,3,20,Y,NMH 410B,20,"화2,금2","화2,금2","화2,금2",일반과목,N,3,,,,N,,,,
2016,1,언론정보문화학부,CCC40044,저널리즘 제작실습,1,주간,전공선택,주재원,3,20,Y,NMH 410B,9,"화5,화6","화5,화6","화5,화6",일반과목,N,4,,,,N,,,,
2016,1,언론정보문화학부,CCC40094,미디어특강,1,주간,전공선택,신우열,3,30,Y,NMH 410B,29,"수2,수3","수2,수3","수2,수3",일반과목,Y,4,,,,N,,,,
2016,1,글로벌리더십학부,GEK10094,일반화학실험,1,주간,교양선택필수,황철원,1,20,Y,NMH 411,15,"목8,목9","목8,목9","목8,목9",성적만P/F나감,N,1,,,,N,,,W29,자연과학
2016,1,Global EDISON Academy,GEA30021,창의종합설계 1,1,주간,전공필수,Abraham Lee,3,40,Y,NTH 113,13,"화4,화5","화4,화5","화4,화5",일반과목,Y,3,,,,N,,,,
2016,1,기계제어공학부,HMM30006,기전융합종합설계I,1,주간,전공필수,배건웅,3,40,Y,NTH 118,25,"금5,금6,금7","금5,금6,금7","금5,금6,금7",일반과목,Y,3,,,,N,,,,
2016,1,기계제어공학부,HMM30011,기전시스템 디지털제어,1,주간,전공선택,나원상,3,30,Y,NTH 118,16,"수1,수2,수3","수1,수2,수3","수1,수2,수3",일반과목,Y,3,,,,N,,,,
2016,1,기계제어공학부,HMM30055,계측공학,1,주간,전공선택,김재효,3,30,Y,NTH 118,30,"화5,화6,화7","화5,화6,화7","화5,화6,화7",일반과목,Y,3,,,,N,,,,
2016,1,기계제어공학부,HMM20028,제어회로 실험,1,주간,전공선택,김영근,2,30,Y,NTH 120B,33,"화5,화6,화7","화5,화6,화7","화5,화6,화7",일반과목,Y,2,,,,N,,,,
2016,1,기계제어공학부,HMM20028,제어회로 실험,2,주간,전공선택,김영근,2,30,Y,NTH 120B,33,"수1,수2,수3","수1,수2,수3","수1,수2,수3",일반과목,Y,2,,,,N,,,,
2016,1,기계제어공학부,HMM20028,제어회로 실험,3,주간,전공선택,김영근,2,30,Y,NTH 120B,30,"금5,금6,금7","금5,금6,금7","금5,금6,금7",일반과목,Y,2,,,,N,,,,
2016,1,기계제어공학부,HMM30018,임베디드 컨트롤러 1,1,주간,전공선택,배건웅,3,30,Y,NTH 120B,33,"월6,목6,목7","월6,목6,목7","월6,목6,목7",일반과목,N,3,,,,N,,,,
2016,1,기계제어공학부,HMM30055,계측공학,2,주간,전공선택,김재효,3,30,Y,NTH 120B,29,"수8,수9,수10","수8,수9,수10","수8,수9,수10",일반과목,Y,3,,,,,,,,
2016,1,공간환경시스템공학부,CUE40009,건축설계4,1,주간,전공선택,알버트 두순 김,4,15,Y,NTH 211,18,"목5,목6,목7,목8","목5,목6,목7,목8","목5,목6,목7,목8",일반과목,N,4,,,,N,,,,
2016,1,글로벌리더십학부,GEK10053,미분방정식과 응용,1,주간,교양선택필수,이처경,3,40,Y,NTH 212,32,"월6,목6","월6,목6","월6,목6",일반과목,Y,1,,,,N,,,W29,자연과학
2016,1,공간환경시스템공학부,CUE20003,제도 및 CAD 실습,1,주간,전공선택,알버트 두순 김외 1명,4,20,Y,NTH 212,15,"화5,화6,화7,화8","화5,화6,화7,화8","화5,화6,화7,화8",일반과목,Y,2,,,,N,,,,
2016,1,공간환경시스템공학부,CUE20003,제도 및 CAD 실습,2,주간,전공선택,알버트 두순 김외 1명,4,20,Y,NTH 212,20,"금5,금6,금7,금8","금5,금6,금7,금8","금5,금6,금7,금8",일반과목,Y,2,,,,N,,,,
2016,1,공간환경시스템공학부,CUE20051,유체역학,1,주간,전공선택,안경모,3,30,Y,NTH 212,10,"화2,금2","화2,금2","화2,금2",일반과목,Y,2,,,,N,,,,
2016,1,공간환경시스템공학부,CUE30003,구조공학 및 설계,1,주간,전공선택,정상모,3,40,Y,NTH 212,10,"화3,금3","화3,금3","화3,금3",일반과목,Y,3,,,,N,,,,
2016,1,공간환경시스템공학부,CUE30005,건축계획총론,1,주간,전공선택,이대준,3,30,Y,NTH 212,17,"월3,목3","월3,목3","월3,목3",일반과목,N,3,,,,N,,,,
2016,1,공간환경시스템공학부,CUE30012,다공성매질공학,1,주간,전공선택,이처경,3,30,Y,NTH 212,8,"월1,목1","월1,목1","월1,목1",일반과목,Y,3,,,,N,,1,,
2016,1,공간환경시스템공학부,CUE30031,환경생태공학1,1,주간,전공선택,안경모외 1명,3,30,Y,NTH 212,12,"월5,목5","월5,목5","월5,목5",일반과목,Y,3,,,,N,,,,
2016,1,공간환경시스템공학부,CUE30051,토지이용계획 및 개발,1,주간,전공선택,구자문,3,50,Y,NTH 212,38,"월2,목2","월2,목2","월2,목2",일반과목,Y,3,,,,N,,,,
2016,1,공간환경시스템공학부,CUE40012,에너지-환경 기술융합 세미나,1,주간,전공선택,정상모,1,30,Y,NTH 212,31,수2,수2,수2,성적만P/F나감,N,4,,,,,,,,
2016,1,공간환경시스템공학부,CUE40052,환경영향평가,1,주간,전공선택,구자문외 1명,3,40,Y,NTH 212,22,"화1,금1","화1,금1","화1,금1",일반과목,Y,4,,,,N,,,,
2016,1,글로벌리더십학부,GCS10014,논리와 비판적 사고,1,주간,교양선택필수,전재원,3,40,Y,NTH 213,34,"월2,월3","월2,월3","월2,월3",일반과목,N,1,,,,,,,W55,소통
2016,1,글로벌리더십학부,GCS10041,프랑스어1,1,주간,교양선택,정덕재,3,25,Y,NTH 213,24,"화2,목2","화2,목2","화2,목2",일반과목,N,1,,,,N,수강제한(프랑스어권에서 1년 이상 교육을 받았거나 거주한 경우 수강할 수 없음),,W24,제2외국어
2016,1,글로벌리더십학부,GCS10041,프랑스어1,2,주간,교양선택,정덕재,3,25,Y,NTH 213,15,"화3,목3","화3,목3","화3,목3",일반과목,N,1,,,,N,수강제한(프랑스어권에서 1년 이상 교육을 받았거나 거주한 경우 수강할 수 없음),,W24,제2외국어
2016,1,글로벌리더십학부,GEK10021,생활체육 1,2,주간,교양선택,배치헌,1,25,Y,NTH 213,12,"목5,목6","목5,목6","목5,목6",성적만P/F나감,N,1,,,,N,테니스,1,W31,스포츠
2016,1,글로벌리더십학부,GEK10021,생활체육 1,3,주간,교양선택,윤영철,1,20,Y,NTH 213,12,"토1,토2","토1,토2","토1,토2",성적만P/F나감,N,1,,,,N,테니스,,W31,스포츠
2016,1,글로벌리더십학부,GEK10077,창의적 문제해결 리더십,1,주간,교양선택,김정원,2,30,Y,NTH 213,30,"화6,화7","화6,화7","화6,화7",성적만P/F나감,N,1,,,,N,,,W30,리더십및문제해결
2016,1,글로벌리더십학부,GEK20021,생활체육 2,2,주간,교양선택,배치헌,1,25,Y,NTH 213,24,"목7,목8","목7,목8","목7,목8",성적만P/F나감,N,1,,,,N,테니스,,W31,스포츠
2016,1,글로벌리더십학부,GEK20021,생활체육 2,3,주간,교양선택,윤영철,1,20,Y,NTH 213,7,"토3,토4","토3,토4","토3,토4",성적만P/F나감,N,1,,,,N,테니스,1,W31,스포츠
2016,1,글로벌리더십학부,GEK30007,직업과 소명,1,주간,교양선택,한윤식,1,40,Y,NTH 213,32,월7,월7,월7,성적만P/F나감,N,1,,,,N,,,W30,리더십및문제해결
2016,1,창의융합교육원,CCE32001,교육공학 및 방법,1,주간,전공필수,이정미,3,35,Y,NTH 213,22,"화4,화5","화4,화5","화4,화5",일반과목,N,3,,,,N,,,,
2016,1,전산전자공학부,ECE40093,캡스톤디자인,3,주간,전공선택,이종원외 2명,4,0,Y,NTH 213,25,"수8,금7","수8,금7","수8,금7",일반과목,N,4,,,,N,,,,
2016,1,공간환경시스템공학부,CUE20014,에너지와 디자인,1,주간,전공선택,이대준,3,30,Y,NTH 213,9,"월5,월6","월5,월6","월5,월6",일반과목,N,2,,,,N,,,,
2016,1,기계제어공학부,HMM20031,열역학,2,주간,전공필수,이재영,3,40,Y,NTH 214,35,"월3,목3","월3,목3","월3,목3",일반과목,N,2,,,,,,,,
2016,1,기계제어공학부,HMM40029,수치해석,1,주간,전공선택,김영근,3,30,Y,NTH 214,37,"화3,금3","화3,금3","화3,금3",일반과목,Y,4,,,,N,,,,
2016,1,기계제어공학부,HMM40037,기전융합종합설계 II,1,주간,전공필수,이권영,3,40,Y,NTH 214,42,"금5,금6,금7","금5,금6,금7","금5,금6,금7",일반과목,Y,4,,,,N,,,,
2016,1,기계제어공학부,HMM40039,CAE기계설계해석,1,주간,전공선택,이종선,3,30,Y,NTH 214,24,"화1,금1,금2","화1,금1,금2","화1,금1,금2",일반과목,Y,4,,,,N,,,,
2016,1,기계제어공학부,HMM40047,연소와 엔진,1,주간,전공선택,이권영,3,40,Y,NTH 214,37,"화4,금4","화4,금4","화4,금4",일반과목,Y,4,,,,N,,,,
2016,1,기계제어공학부,HMM40053,현대제어 이론 및 응용,1,주간,전공선택,나원상,3,30,Y,NTH 214,10,"월4,목3,목4","월4,목3,목4","월4,목3,목4",일반과목,Y,4,,,,N,,1,,
2016,1,공간환경시스템공학부,CUE20003,제도 및 CAD 실습,3,주간,전공선택,김은광,4,20,Y,NTH 215,14,"목5,목6,목7,목8","목5,목6,목7,목8","목5,목6,목7,목8",일반과목,Y,2,,,,,,1,,
2016,1,공간환경시스템공학부,CUE30062,도시계획 및 설계실습,1,주간,전공선택,김주일,4,20,Y,NTH 215,12,"월5,월6,월7,월8","월5,월6,월7,월8","월5,월6,월7,월8",일반과목,Y,3,,,,N,,,,
2016,1,공간환경시스템공학부,CUE40003,건축설계3,1,주간,전공선택,이대준,4,20,Y,NTH 217,15,"목5,목6,목7,목8","목5,목6,목7,목8","목5,목6,목7,목8",일반과목,Y,3,,,,N,,,,
2016,1,공간환경시스템공학부,CUE30030,공간수치해석,1,주간,전공선택,이처경,3,30,Y,NTH 218,10,"월2,목2","월2,목2","월2,목2",일반과목,Y,3,,,,N,,,,
2016,1,공간환경시스템공학부,CUE40053,지형정보시스템,1,주간,전공선택,박성우,3,35,Y,NTH 218,34,"화2,금2","화2,금2","화2,금2",일반과목,N,4,,,,N,,,,
2016,1,공간환경시스템공학부,CUE30001,건축설계1,1,주간,전공선택,김학철,4,15,Y,NTH 220,24,"월5,월6,월7,월8","월5,월6,월7,월8","월5,월6,월7,월8",일반과목,Y,2,,,,N,,,,
2016,1,공간환경시스템공학부,CUE30001,건축설계1,2,주간,전공선택,김학철,4,15,Y,NTH 220,36,"화5,화6,화7,화8","화5,화6,화7,화8","화5,화6,화7,화8",일반과목,Y,2,,,,N,,,,
2016,1,Global EDISON Academy,GEA20053,Entrepreneurial Communication,1,주간,전공선택,김기홍,3,40,Y,NTH 310,10,"화3,금3","화3,금3","화3,금3",일반과목,Y,3,,,,N,,,,
2016,1,전산전자공학부,ECE20016,자바프로그래밍언어,1,주간,전공선택,김영섭,3,40,Y,NTH 310,33,"월5,목5","월5,목5","월5,목5",일반과목,N,2,,,,N,,,,
2016,1,전산전자공학부,ECE20016,자바프로그래밍언어,2,주간,전공선택,김영섭,3,40,Y,NTH 310,29,"월6,목6","월6,목6","월6,목6",일반과목,N,2,,,,N,,,,
2016,1,전산전자공학부,ECE20051,회로이론 1,1,주간,전공선택,한윤식,3,40,Y,NTH 310,8,"월2,목2","월2,목2","월2,목2",일반과목,N,2,,,,N,,,,
2016,1,전산전자공학부,ECE20051,회로이론 1,2,주간,전공선택,한윤식,3,40,Y,NTH 310,40,"월3,목3","월3,목3","월3,목3",일반과목,N,2,,,,N,,,,
2016,1,전산전자공학부,ECE30051,전자회로 1,1,주간,전공선택,김영식,3,40,Y,NTH 310,41,"화2,금2","화2,금2","화2,금2",일반과목,Y,3,,,,N,,,,
2016,1,전산전자공학부,ECE30092,공학프로젝트 기획,1,주간,전공선택,이강,2,0,Y,NTH 310,33,"수4,금7","수4,금7","수4,금7",성적만P/F나감,N,3,,,,N,,,,
2016,1,전산전자공학부,ECE40061,초고주파공학,1,주간,전공선택,김영식,3,40,Y,NTH 310,11,"화5,금5","화5,금5","화5,금5",일반과목,N,4,,,,N,,,,
2016,1,기계제어공학부,HMM20075,에너지 시스템 세미나,1,주간,전공선택,이권영,1,40,Y,NTH 310,43,월4,월4,월4,성적만P/F나감,N,2,,,,,,,,
2016,1,Global EDISON Academy,GEA20022,Entrepreneurial Law,1,주간,전공선택,김기홍,3,40,Y,NTH 311,4,"월4,수4","월4,수4","월4,수4",일반과목,Y,2,,,,N,,1,,
2016,1,Global EDISON Academy,GEA20056,모의 투자와 핀테크 콘텐츠 개발,1,주간,전공선택,김학주,3,50,Y,NTH 311,13,"수2,수3","수2,수3","수2,수3",일반과목,N,2,,,,N,,,,
2016,1,전산전자공학부,ECE20010,데이타구조,1,주간,전공선택,김영섭,3,40,Y,NTH 311,14,"월3,목3","월3,목3","월3,목3",일반과목,N,2,,,,N,,,,
2016,1,전산전자공학부,ECE30021,운영체제,2,주간,전공선택,김호준,3,40,Y,NTH 311,41,"화6,금6","화6,금6","화6,금6",일반과목,N,3,,,,N,,,,
2016,1,전산전자공학부,ECE30063,반도체소자,1,주간,전공선택,박영춘,3,40,Y,NTH 311,23,"화4,금4","화4,금4","화4,금4",일반과목,N,3,,,,N,,,,
2016,1,전산전자공학부,ECE40012,컴파일러이론,1,주간,전공선택,성금영,3,20,Y,NTH 311,37,"화3,금3","화3,금3","화3,금3",일반과목,Y,4,,,,,,,,
2016,1,전산전자공학부,ECE40084,디지털신호처리 입문,1,주간,전공선택,황성수,3,40,Y,NTH 311,19,"월2,목2","월2,목2","월2,목2",일반과목,Y,4,,,,N,,,,
2016,1,전산전자공학부,ITP20007,Logic Design,1,주간,전공선택,홍신,3,40,Y,NTH 311,44,"화2,금2","화2,금2","화2,금2",일반과목,Y,2,,,,N,,,,
2016,1,전산전자공학부,ITP40003,Computer Graphics,1,주간,전공선택,이건,3,20,Y,NTH 311,25,"월5,목5","월5,목5","월5,목5",일반과목,Y,4,,,,,,,,
2016,1,글로벌리더십학부,GEK10066,공간학입문,1,주간,교양선택,알버트 두순 김외 2명,3,80,Y,NTH 313,75,"화2,금2","화2,금2","화2,금2",일반과목,N,1,,,,N,,,W18,전공기초
2016,1,전산전자공학부,ECE30012,객체지향 설계패턴,1,주간,전공선택,김기석,3,30,Y,NTH 313,35,"월2,목2","월2,목2","월2,목2",일반과목,N,3,,,,N,,,,
2016,1,전산전자공학부,ECE30021,운영체제,1,주간,전공선택,김호준,3,50,Y,NTH 313,74,"화5,금5","화5,금5","화5,금5",일반과목,N,3,,,,N,,,,
2016,1,전산전자공학부,ECE40093,캡스톤디자인,2,주간,전공선택,김영식외 2명,4,0,Y,NTH 313,32,"수8,금7","수8,금7","수8,금7",일반과목,N,4,,,,N,,,,
2016,1,전산전자공학부,ITP20001,Data Structures,1,주간,전공선택,김인중,3,50,Y,NTH 313,57,"월5,목5","월5,목5","월5,목5",일반과목,Y,2,,,,N,,,,
2016,1,전산전자공학부,ITP20001,Data Structures,2,주간,전공선택,김인중,3,50,Y,NTH 313,51,"월6,목6","월6,목6","월6,목6",일반과목,Y,2,,,,N,,,,
2016,1,전산전자공학부,ITP20007,Logic Design,2,주간,전공선택,홍신,3,50,Y,NTH 313,60,"화3,금3","화3,금3","화3,금3",일반과목,Y,2,,,,N,,,,
2016,1,전산전자공학부,ITP40001,Database System,1,주간,전공선택,홍신,3,40,Y,NTH 313,57,"화6,금6","화6,금6","화6,금6",일반과목,Y,4,,,,N,,,,
2016,1,공간환경시스템공학부,CUE20005,건축학입문,1,주간,전공선택,김학철,3,50,Y,NTH 313,45,"월4,화4","월4,화4","월4,화4",일반과목,Y,2,,,,N,,,,
2016,1,공간환경시스템공학부,CUE20052,국제개발계획,1,주간,전공선택,구자문,3,65,Y,NTH 313,58,"월1,목1","월1,목1","월1,목1",일반과목,N,2,,,,N,,,,
2016,1,글로벌리더십학부,GCS30008,EAP-Engineering,1,주간,교양선택필수,Kurt A. Davidek,3,20,Y,NTH 412,9,"월2,목2","월2,목2","월2,목2",일반과목,Y,3,,,,N,,1,W32,영어1
2016,1,글로벌리더십학부,GCS30008,EAP-Engineering,2,주간,교양선택필수,Kurt A. Davidek,3,20,Y,NTH 412,7,"월3,목3","월3,목3","월3,목3",일반과목,Y,3,,,,N,,1,W32,영어1
2016,1,글로벌리더십학부,GEK10091,컴퓨터공학개론,1,주간,교양선택,이강,2,35,Y,NTH 412,48,"월6,월7","월6,월7","월6,월7",일반과목,N,1,,,,N,1학년 수강 과목,,W18,전공기초
2016,1,전산전자공학부,ECE40093,캡스톤디자인,1,주간,전공선택,이강외 2명,4,0,Y,NTH 412,23,"수8,금7","수8,금7","수8,금7",일반과목,N,4,,,,N,,,,
2016,1,전산전자공학부,ECE30075,임베디드프로세서응용,1,주간,전공선택,이종원,3,30,Y,NTH 413,27,"월2,목2","월2,목2","월2,목2",일반과목,N,3,,,,N,,,,
2016,1,전산전자공학부,ECE30075,임베디드프로세서응용,2,주간,전공선택,이종원,3,30,Y,NTH 413,28,"월4,목4","월4,목4","월4,목4",일반과목,N,3,,,,N,,,,
2016,1,전산전자공학부,ECE40047,네트워크실습,1,주간,전공선택,이종원,3,20,Y,NTH 414,18,"화2,금2","화2,금2","화2,금2",일반과목,N,4,,,,N,,,,
2016,1,전산전자공학부,ECE20060,기초전자회로실험,1,주간,전공선택,김영식,2,40,Y,NTH 417,40,"화7,화8","화7,화8","화7,화8",일반과목,N,2,,,,N,,,,
2016,1,전산전자공학부,ECE20060,기초전자회로실험,2,주간,전공선택,황성수,2,40,Y,NTH 417,24,"목7,목8","목7,목8","목7,목8",일반과목,N,2,,,,N,,,,
2016,1,전산전자공학부,ECE30056,전자회로실험 1,1,주간,전공선택,김영식,1,40,Y,NTH 417,31,"월7,월8","월7,월8","월7,월8",일반과목,N,3,,,,N,,,,
2016,1,글로벌리더십학부,GCS10007,오피스활용,3,주간,교양선택필수,류정필,2,45,Y,OH 302,50,"화5,금5","화5,금5","화5,금5",일반과목,N,1,,,,N,전학년 동시 수강신청,,W59,소프트웨어활용
2016,1,글로벌리더십학부,GCS10007,오피스활용,4,주간,교양선택필수,류정필,2,45,Y,OH 302,45,"화6,금6","화6,금6","화6,금6",일반과목,N,1,,,,N,전학년 동시 수강신청,,W59,소프트웨어활용
2016,1,글로벌리더십학부,GCS20006,데이타베이스활용,1,주간,교양선택필수,류정필,2,45,Y,OH 302,49,"화2,금2","화2,금2","화2,금2",일반과목,N,2,,,,N,전학년 동시 수강신청,,W59,소프트웨어활용
2016,1,글로벌리더십학부,GCS20006,데이타베이스활용,2,주간,교양선택필수,류정필,2,45,Y,OH 302,51,"화3,금3","화3,금3","화3,금3",일반과목,N,2,,,,N,전학년 동시 수강신청,,W59,소프트웨어활용
2016,1,글로벌리더십학부,GEK10076,비전과 진로탐색,1,주간,교양선택,강두필,1,80,Y,OH 305,76,수2,수2,수2,성적만P/F나감,N,1,,,,N,1학년 우선수강,,W30,리더십및문제해결
2016,1,글로벌리더십학부,GEK10076,비전과 진로탐색,2,주간,교양선택,강두필,1,80,Y,OH 305,39,수3,수3,수3,성적만P/F나감,N,1,,,,N,1학년 우선수강,,W30,리더십및문제해결
2016,1,글로벌리더십학부,GEK20044,시민생활과 법,1,주간,교양선택필수,배준성,3,40,Y,OH 305,41,"월4,월5","월4,월5","월4,월5",일반과목,N,1,,,,N,법학부 4학년 이상 학생은 수강불가,,W28,사회과학
2016,1,창의융합교육원,CCE20003,프로그래밍 I,1,주간,전공필수,최창범외 1명,3,50,Y,OH 305,31,"월2,목2","월2,목2","월2,목2",일반과목,N,2,,,,N,,,,
2016,1,법학부,LAW20009,형법1,1,주간,전공필수,조혜신,3,80,Y,OH 305,82,"화2,금2","화2,금2","화2,금2",일반과목,N,2,,,,N,,,,
2016,1,상담심리사회복지학부,CSW40010,심리세미나,1,주간,전공선택,황인식,3,40,Y,OH 305,15,"화5,화6","화5,화6","화5,화6",일반과목,N,4,,,,N,,,,
2016,1,기계제어공학부,HMM10041,정역학,1,주간,전공선택,박동규,3,60,Y,OH 305,57,"월3,목3","월3,목3","월3,목3",일반과목,N,2,,,,N,,,,
2016,1,기계제어공학부,HMM10041,정역학,2,주간,전공선택,이종선,3,60,Y,OH 305,70,"화3,금3","화3,금3","화3,금3",일반과목,N,2,,,,N,,,,
2016,1,기계제어공학부,HMM30012,자동제어,1,주간,전공선택,나원상,3,60,Y,OH 305,60,"월6,목6","월6,목6","월6,목6",일반과목,N,2,,,,N,,,,
2016,1,글로벌리더십학부,GEK10035,한국사(근현대사),2,주간,교양선택필수,정성일,3,40,Y,OH 306,39,"목5,목6","목5,목6","목5,목6",일반과목,N,1,,,,,,,W27,인문학
2016,1,창의융합교육원,CCE20005,데이터 사이언스 입문,1,주간,전공선택,최혜봉,3,45,Y,OH 306,43,"월3,목3","월3,목3","월3,목3",일반과목,N,2,,,,N,,,,
2016,1,Global EDISON Academy,GEA20016,"Business, Culture, and Spirituality",1,주간,전공선택,최용준,3,40,Y,OH 306,10,"화2,금2","화2,금2","화2,금2",일반과목,Y,2,,,,N,,,,
2016,1,국제어문학부,ISE10022,"Understanding Literature: Reading, Reacting, Writing",1,주간,전공선택,장성진,3,40,Y,OH 306,27,"금5,금6","금5,금6","금5,금6",일반과목,N,1,,,,,,,,
2016,1,상담심리사회복지학부,CSW30009,심리평가,2,주간,전공필수,이은경,3,40,Y,OH 306,25,"월5,월6","월5,월6","월5,월6",일반과목,N,3,,,,N,,,,
2016,1,콘텐츠융합디자인학부,IID30068,Human-Centered Design,1,주간,전공선택,강명지,3,25,Y,OH 306,18,"화3,화4","화3,화4","화3,화4",일반과목,N,3,,,,N,,,,
2016,1,콘텐츠융합디자인학부,IID30068,Human-Centered Design,2,주간,전공선택,강명지,3,25,Y,OH 306,25,"화5,화6","화5,화6","화5,화6",일반과목,N,3,,,,N,,,,
2016,1,상담심리사회복지학부,CSW20065,사회복지실천론,1,주간,전공선택,정숙희,3,40,Y,OH 401,72,"월2,목2","월2,목2","월2,목2",일반과목,N,2,,,,N,,,,
2016,1,전산전자공학부,ECE20010,데이타구조,2,주간,전공선택,김호준,3,60,Y,OH 401,83,"화3,금3","화3,금3","화3,금3",일반과목,N,2,,,,N,,,,
2016,1,전산전자공학부,ECE30011,알고리듬분석,1,주간,전공선택,용환기,3,50,Y,OH 401,76,"월6,목6","월6,목6","월6,목6",일반과목,N,3,,,,N,,,,
2016,1,전산전자공학부,ITP20003,Java Programming,1,주간,전공선택,최창범,3,48,Y,OH 401,40,"화4,금4","화4,금4","화4,금4",일반과목,Y,2,,,,N,,,,
2016,1,전산전자공학부,ITP20003,Java Programming,2,주간,전공선택,최창범,3,48,Y,OH 401,53,"화5,금5","화5,금5","화5,금5",일반과목,Y,2,,,,N,,,,
2016,1,전산전자공학부,ITP30002,Operating Systems,1,주간,전공선택,김인중,3,50,Y,OH 401,52,"월3,목3","월3,목3","월3,목3",일반과목,Y,3,,,,N,,,,
2016,1,전산전자공학부,ITP30005,Algorithms Analysis,1,주간,전공선택,용환기,3,50,Y,OH 401,49,"월5,목5","월5,목5","월5,목5",일반과목,Y,3,,,,N,,,,
2016,1,전산전자공학부,ITP30008,Object-Oriented Design Pattern,1,주간,전공선택,성금영,3,40,Y,OH 401,67,"화2,금2","화2,금2","화2,금2",일반과목,Y,3,,,,N,,,,
2016,1,글로벌리더십학부,GEE20034,Cross-Cultural Global Perspectives,1,주간,교양선택필수,Michael Fowler,3,40,Y,OH 402,60,"화2,금2","화2,금2","화2,금2",일반과목,Y,1,,,,N,,,W28,사회과학
2016,1,글로벌리더십학부,GEE30023,Developing Leadership for a Global World,1,주간,교양선택,Michael Fowler,3,25,Y,OH 402,52,"월4,목4","월4,목4","월4,목4",일반과목,Y,1,,,,N,,,W30,리더십및문제해결
2016,1,글로벌리더십학부,GEK20042,교육학개론,1,주간,교양선택필수,Michael Fowler,3,40,Y,OH 402,56,"월2,목2","월2,목2","월2,목2",일반과목,Y,1,,,,N,,,W28,사회과학
2016,1,글로벌리더십학부,GEK20042,교육학개론,2,주간,교양선택필수,김경선,3,50,Y,OH 402,50,"화7,금7","화7,금7","화7,금7",일반과목,N,1,,,,N,TEP(Teacher Education Program) 선수과목 / TEP 희망자 우선 수강,,W28,사회과학
2016,1,글로벌리더십학부,GEK20058,성경의 이해,9,주간,교양선택필수,이재현,2,65,Y,OH 402,64,"월5,목5","월5,목5","월5,목5",일반과목,N,2,,,,N,"1학년 우선 수강, 장기려 RC 분반",,W34,기독교신앙기초1
2016,1,글로벌리더십학부,GEK30030,현대과학과 기술의 철학,1,주간,교양선택필수,손화철,3,80,Y,OH 402,87,"화3,금3","화3,금3","화3,금3",일반과목,Y,1,,,,N,각 학년 20명,,W27,인문학
2016,1,글로벌리더십학부,GEK40091,교양특론2,1,주간,교양선택,송인호외 8명,3,80,Y,OH 402,80,"수2,수3","수2,수3","수2,수3",성적만P/F나감,N,4,,,,N,주제 : 민족화해와 기독교,,W60,특론및개별연구
2016,1,상담심리사회복지학부,CSW20015,기독교 상담,1,주간,전공선택,신정미,3,60,Y,OH 402,42,"화4,화5","화4,화5","화4,화5",일반과목,N,4,,,,N,,,,
2016,1,상담심리사회복지학부,CSW20079,영성사회복지론,1,주간,전공선택,유장춘외 1명,3,80,Y,OH 402,66,"화1,금1","화1,금1","화1,금1",성적만P/F나감,N,2,,,,N,,,,
2016,1,글로벌리더십학부,GEK10096,Calculus 2,3,주간,교양선택필수,정상모,3,60,Y,OH 403,78,"화5,금5","화5,금5","화5,금5",일반과목,Y,1,,,,N,1학년 우선수강,,W29,자연과학
2016,1,글로벌리더십학부,GEK20058,성경의 이해,1,주간,교양선택필수,김기호,2,65,Y,OH 403,66,"화1,금1","화1,금1","화1,금1",성적만P/F나감,N,2,,,,N,"1학년 우선 수강, 열송학사 RC 분반",,W34,기독교신앙기초1
2016,1,글로벌리더십학부,GEK20058,성경의 이해,2,주간,교양선택필수,김기호,2,65,Y,OH 403,90,"화2,금2","화2,금2","화2,금2",성적만P/F나감,N,2,,,,N,"1학년 우선 수강, 열송학사 RC 분반",,W34,기독교신앙기초1
2016,1,글로벌리더십학부,GEK20058,성경의 이해,3,주간,교양선택필수,김기호,2,65,Y,OH 403,80,"화3,금3","화3,금3","화3,금3",성적만P/F나감,N,2,,,,N,"1학년 우선 수강, 열송학사 RC 분반",,W34,기독교신앙기초1
2016,1,글로벌리더십학부,GEK20058,성경의 이해,7,주간,교양선택필수,이재현,2,65,Y,OH 403,67,"월2,목2","월2,목2","월2,목2",일반과목,N,2,,,,N,"1학년 우선 수강, 장기려 RC 분반",,W34,기독교신앙기초1
2016,1,글로벌리더십학부,GEK20058,성경의 이해,8,주간,교양선택필수,이재현,2,65,Y,OH 403,66,"월3,목3","월3,목3","월3,목3",일반과목,N,2,,,,N,"1학년 우선 수강, 장기려 RC 분반",,W34,기독교신앙기초1
2016,1,글로벌리더십학부,GEK20062,기독교 변증학,2,주간,교양선택필수,김기호,3,70,Y,OH 403,106,"월5,목5","월5,목5","월5,목5",성적만P/F나감,N,2,,,,N,,,W09,세계관2
2016,1,글로벌리더십학부,GEK30015,현대사회와선교,1,주간,교양선택필수,마민호외 6명,3,50,Y,OH 403,55,"수2,수3","수2,수3","수2,수3",일반과목,N,1,,,,N,,,W09,세계관2
2016,1,글로벌리더십학부,GEK10030,철학개론,1,주간,교양선택필수,손화철,3,120,Y,OH 405,138,"화2,금2","화2,금2","화2,금2",일반과목,Y,1,,,,N,각 학년 30명,,W27,인문학
2016,1,글로벌리더십학부,GEK10042,사회복지개론,1,주간,교양선택,유장춘외 3명,3,100,Y,OH 405,102,"월3,목3","월3,목3","월3,목3",일반과목,N,1,,,,N,,,W18,전공기초
2016,1,글로벌리더십학부,GEK10057,일반생물학,1,주간,교양선택필수,도명술외 1명,3,60,Y,OH 405,94,"월5,목5","월5,목5","월5,목5",일반과목,N,1,,,,N,,,W29,자연과학
2016,1,글로벌리더십학부,GEK20048,비전과 취업역량개발,1,주간,교양선택,강두필,1,40,Y,OH 405,39,"수8,수9","수8,수9","수8,수9",성적만P/F나감,N,2,GEK20048,1,D,N,"3,4학년 우선수강",,W30,리더십및문제해결
2016,1,글로벌리더십학부,GEK20048,비전과 취업역량개발,2,주간,교양선택,강두필,1,40,Y,OH 405,2,"수8,수9","수8,수9","수8,수9",성적만P/F나감,N,2,GEK20048,1,C,N,"3,4학년 우선수강",,W30,리더십및문제해결
2016,1,글로벌리더십학부,GEK20048,비전과 취업역량개발,3,주간,교양선택,강두필,1,40,Y,OH 405,0,"수8,수9","수8,수9","수8,수9",성적만P/F나감,N,2,GEK20048,1,C,N,"3,4학년 우선수강",,W30,리더십및문제해결
2016,1,글로벌리더십학부,GEK20048,비전과 취업역량개발,4,주간,교양선택,강두필,1,40,Y,OH 405,0,"수8,수9","수8,수9","수8,수9",성적만P/F나감,N,2,GEK20048,1,C,N,"3,4학년 우선수강",,W30,리더십및문제해결
2016,1,글로벌리더십학부,GEK30015,현대사회와선교,2,주간,교양선택필수,마민호외 6명,3,150,Y,OH 405,103,화6,화6,화6,일반과목,N,1,,,,N,"온라인, 오프라인 1:1 블렌디드 수업",,W09,세계관2
2016,1,경영경제학부,MEC10001,경제학입문,1,주간,전공선택,김재홍,3,120,Y,OH 405,120,"월6,목6","월6,목6","월6,목6",일반과목,N,1,,,,N,,,W18,전공기초
2016,1,상담심리사회복지학부,CSW20054,인간행동과 사회환경,1,주간,전공선택,전명희,3,130,Y,OH 405,130,"화3,금3","화3,금3","화3,금3",일반과목,N,2,,,,N,,,,
2016,1,생명과학부,BFT20001,유기화학,1,주간,전공선택,차승훈,3,130,Y,OH 405,98,"목4,목5","목4,목5","목4,목5",일반과목,N,2,,,,N,,,,
2016,1,생명과학부,BFT20002,일반미생물,1,주간,전공필수,곽진환외 3명,3,130,Y,OH 405,107,"화4,금4","화4,금4","화4,금4",일반과목,N,2,,,,N,,,,
2016,1,전산전자공학부,ECE20057,논리설계,1,주간,전공선택,용환기,3,90,Y,OH 405,129,"월2,목2","월2,목2","월2,목2",일반과목,N,2,,,,N,,,,
2016,1,기계제어공학부,HMM20026,제어회로,1,주간,전공선택,김재효,3,60,Y,OH 405,113,"화1,금1","화1,금1","화1,금1",일반과목,N,2,,,,N,,,,
2016,1,글로벌리더십학부,GCS10058,C 프로그래밍,2,주간,교양선택필수,김상환,3,45,Y,OH 420,49,"월3,목3","월3,목3","월3,목3",일반과목,Y,1,,,,,,,W58,프로그래밍기초
2016,1,글로벌리더십학부,GEK10041,심리학개론,4,주간,교양선택,박명준,3,50,Y,OH 420,14,"화2,화3","화2,화3","화2,화3",일반과목,N,1,,,,N,,,W18,전공기초
2016,1,글로벌리더십학부,GEK20011,기독교 세계관,1,주간,교양선택필수,곽진환,2,50,Y,OH 420,55,"월2,목2","월2,목2","월2,목2",일반과목,N,1,,,,N,100분 수업,,W08,세계관1
2016,1,글로벌리더십학부,GEK20011,기독교 세계관,3,주간,교양선택필수,최용준,2,60,Y,OH 420,56,"월4,목4","월4,목4","월4,목4",일반과목,Y,1,,,,N,60분 수업임,,W08,세계관1
2016,1,글로벌리더십학부,GEK20017,학문과신앙1,1,주간,교양선택필수,최용준,3,60,Y,OH 420,24,"화5,금5","화5,금5","화5,금5",일반과목,N,1,,,,N,"75분 수업, 기독교 세계관을 들었을 경우에 한해 수강가능(기독교세계관에 대한 기초지식을 가진자도 수강가능)",,W09,세계관2
2016,1,글로벌리더십학부,GEK20051,Mission Perspective,1,주간,교양선택필수,조원철외 4명,2,50,Y,OH 420,40,"수2,수3","수2,수3","수2,수3",일반과목,N,1,,,,N,,,W08,세계관1
2016,1,글로벌리더십학부,GEK30014,기독교와현대사상,1,주간,교양선택필수,최용준,3,60,Y,OH 420,62,"월5,목5","월5,목5","월5,목5",일반과목,Y,1,,,,N,75분 수업임,,W09,세계관2
2016,1,글로벌리더십학부,GEK30014,기독교와현대사상,2,주간,교양선택필수,김기호,3,50,Y,OH 420,43,"월6,목6","월6,목6","월6,목6",일반과목,N,1,,,,N,,,W09,세계관2
2016,1,글로벌리더십학부,GEK20028,인간관계와자기성장,4,주간,교양선택,황인식,3,50,Y,OH Media,52,"화2,화3","화2,화3","화2,화3",성적만P/F나감,Y,1,,,,N,,,W30,리더십및문제해결
2016,1,콘텐츠융합디자인학부,IID30018,디자인세미나1,1,주간,전공선택,이중섭,1,40,Y,OH Media,40,목5,목5,목5,성적만P/F나감,N,3,,,,N,,,,
2016,1,글로벌리더십학부,GEK10011,창조와 진화,2,주간,교양선택필수,도명술외 4명,2,160,Y,SU 101,165,"수3,수4","수3,수4","수3,수4",일반과목,N,1,,,,N,,,W08,세계관1
2016,1,글로벌리더십학부,GEK10021,생활체육 1,6,주간,교양선택,이록우,1,20,Y,SU 101,21,"수8,수9","수8,수9","수8,수9",성적만P/F나감,N,1,,,,N,"축구 / 19:30~22:00 (100분 수업) / 강의장소: 평봉필드 (악천우 시, 학생회관 101호)",,W31,스포츠
2016,1,글로벌리더십학부,GEK10021,생활체육 1,7,주간,교양선택,이록우,1,20,Y,SU 101,20,"금8,금9","금8,금9","금8,금9",성적만P/F나감,N,1,,,,N,"축구 / 19:30~22:00 (100분 수업) / 강의장소: 평봉필드 (악천우 시, 학생회관 101호)",,W31,스포츠
2016,1,글로벌리더십학부,GEK20028,인간관계와자기성장,1,주간,교양선택,이재명,3,60,Y,SU 101,60,"목2,목3","목2,목3","목2,목3",성적만P/F나감,N,1,GEK20028,1,D,,,,W30,리더십및문제해결
2016,1,글로벌리더십학부,GEK20028,인간관계와자기성장,2,주간,교양선택,이재명,3,60,Y,SU 101,60,"목5,목6","목5,목6","목5,목6",성적만P/F나감,N,1,,,,N,,,W30,리더십및문제해결
2016,1,글로벌리더십학부,GEK30022,리더십의 이해,1,주간,교양선택,라원기,2,60,Y,SU 101,60,"월5,월6","월5,월6","월5,월6",성적만P/F나감,N,1,,,,N,,,W30,리더십및문제해결